username;date;retweets;favorites;text;geo;mentions;hashtags;id;permalink
;2017-11-13 00:56;0;0;"Bah, parce qu’il y a eu l’affaire Weinstein et le déferlement # BalanceTonPorc ces dernières semaines ...";;;#;"929860513223372800";https://twitter.com/IskandarBnt/status/929860513223372800
;2017-11-13 00:55;0;0;"Dans les autres matchs y a Jaylen Barford à 23 pts à la MT pour Arkansas # balancetonporc # perfchampagne";;;# #;"929860157118603264";https://twitter.com/TanguyQIbasket/status/929860157118603264
;2017-11-13 00:54;0;1;"Donc ma vie c'est de recevoir des vidéos snap de mec que je connais pas entrain de se branler ... Je vais finir par faire une compilation # balancetonporc";;;#;"929860033852116993";https://twitter.com/MrsGramGram/status/929860033852116993
;2017-11-13 00:45;2;1;"DOMANTAS SABONIS. # BALANCETONPORC";;;#;"929857625508012033";https://twitter.com/PacersFrance/status/929857625508012033
;2017-11-13 00:34;21;62;"# MeAt14 This is actually me on my 15th birthday. # balancetonporc Jeffrey Cinelli was in his mid 30s at the time and raped me repeatedly for over a year. I was his third victim (that I know of) and likely not his last. pic.twitter.com/mQhhqRzfI1";;;# #;"929855047156097025";https://twitter.com/sarahlwestcott/status/929855047156097025
;2017-11-13 00:26;0;0;"# balancetonporc https://www.valeursactuelles.com/societe/pedophilie-au-maroc-les-revelations-choc-dun-ex-amant-de-berge-et-saint-laurent-90361 …";;;#;"929852986171457536";https://twitter.com/servale45/status/929852986171457536
;2017-11-13 00:24;0;1;"Participez à la consultation citoyenne sur le harcèlement et les violences sexuelles ! # balancetonporc # moiaussi # metoohttps://enmarche.typeform.com/to/WAAzeI";;;# # #;"929852364571529216";https://twitter.com/gridindriing/status/929852364571529216
;2017-11-13 00:14;0;0;"# Replay de # Clhebdo @ clhebdo5 saison 2 [épisode du 11.11.17] avec : @ ELevyCauseur , @ NPolony et @ Lindgaard Sujets: # CharlieHebdo @ edwyplenel @ TariqRamadan # BalanceTonPorc @ Benzema https://www.france.tv/france-5/c-l-hebdo/saison-2/315633-integrale-elisabeth-levy-natacha-polony-et-jade-lindgaard.html … sur @ France5tv";;@ @ @ @ @ @ @ @;# # # #;"929849944298663936";https://twitter.com/Brhaspatya/status/929849944298663936
;2017-11-13 00:13;0;1;"Je dois vous dire que j’allais en stage cet été et que mon responsable m’a sorti une phrase toute ma vie je m’en souviendrai, je venais normale pas trop envie d’en faire trop, je bossais trql puis d’un coup : vous pourriez vous maquiller? Ça fait plus commercial ! # balancetonporc";;;#;"929849564919730178";https://twitter.com/sxriouslynigga/status/929849564919730178
;2017-11-13 00:07;0;0;"La trouvaille du slogan # balancetonporc plutôt pitoyable !";;;#;"929848234805268481";https://twitter.com/plumenasie/status/929848234805268481
;2017-11-13 00:07;0;8;"Agree. Because it centers on an action, # balancetonporc feels so much more empowering. It's about regaining control of the narrative or redressing the balance of power. # MeToo feels a bit passive in comparison.";;;# #;"929848185874415616";https://twitter.com/MadelineOnMars/status/929848185874415616
;2017-11-13 00:01;0;0;"Retweeted Mark Harris ( @ MarkHarrisNYC): Just learned that the French version of # MeToo is # balancetonporc, which... http://fb.me/AS3b6DSo";;@;# #;"929846765229969409";https://twitter.com/rayanselmo/status/929846765229969409
;2017-11-12 23:58;222;827;"Just learned that the French version of # MeToo is # balancetonporc, which basically means "Out Your Pig." Score 1 for France.";;;# #;"929846008762261504";https://twitter.com/MarkHarrisNYC/status/929846008762261504
;2017-11-12 23:57;0;0;"# Balancetonporc";;;#;"929845752716779520";https://twitter.com/axel_ko/status/929845752716779520
;2017-11-12 23:56;1;2;"Dieudonné : L'affaire Tariq Ramadan // # balancetonporc https://youtu.be/iaRWFsotSFM via @ YouTube";;@;#;"929845413179461632";https://twitter.com/franckyxm/status/929845413179461632
;2017-11-12 23:48;0;0;"# balancetonporc. Bientot sava etre balance ton pakpak yaura des histoire du genre: (jte dans le bus il ma mis une main il s’appel )radjasan";;;#;"929843288084971521";https://twitter.com/DjellanYassin/status/929843288084971521
;2017-11-12 23:47;0;0;"# ParadisePapers # balancetonporc https://twitter.com/nrenard75/status/551670881098153984 …";;;# #;"929843124242874371";https://twitter.com/tousPRETS/status/929843124242874371
;2017-11-12 23:45;0;0;"Les femmes victimes de harcèlement sexuel sont courageuses. La société doit encore évoluer et nous voyons que la liberté gagnée doit toujours être défendue. Quelques soit la cause soyons vigilants! Rien n'est jamais acquis. Allez les filles !!! # balancetonporc # LGBTpic.twitter.com/KIPs8yo8B4";;;# #;"929842590161227776";https://twitter.com/venderbure/status/929842590161227776
;2017-11-12 23:43;3;4;"# balancetonporc au moins un nom par jour en Amérique du Nord (USA et Canada) pic.twitter.com/hDuB6zxGWx";;;#;"929842152917622784";https://twitter.com/Alkanz/status/929842152917622784
;2017-11-12 23:39;0;1;"# balancetonporc";;;#;"929841044962906112";https://twitter.com/gordon_skyd/status/929841044962906112
;2017-11-12 23:38;0;0;"Comment draguer sans nous les briser ? # balancetonporc http://clemmiewonder.tumblr.com/post/60079436684/comment-nous-draguer-sans-nous-les-briser …";;;#;"929840757661491201";https://twitter.com/gridindriing/status/929840757661491201
;2017-11-12 23:37;1;1;"# balancetonporc https://twitter.com/AfterRMC/status/929839981719359488 …";;;#;"929840611917729794";https://twitter.com/CaReagit/status/929840611917729794
;2017-11-12 23:32;1;0;"# balancetonporc https://twitter.com/julievalles/status/929651491547336704 …";;;#;"929839361444777985";https://twitter.com/servale45/status/929839361444777985
;2017-11-12 23:29;1;0;".a toutes toutes nos belles âmes de gauche qui ne contrôlent plus ce qu'elles ont engendrées... # balancetonporc @ libepic.twitter.com/fKBMtHgahz";;@;#;"929838545619046400";https://twitter.com/MROAero/status/929838545619046400
;2017-11-12 23:27;0;0;"Et ça se permet de citer Simone Veil # balancetonporc";;;#;"929838049357385728";https://twitter.com/Lovin_France/status/929838049357385728
;2017-11-12 23:23;0;0;"# balancetonporc *";;;#;"929837122344931328";https://twitter.com/_Ozanaa_/status/929837122344931328
;2017-11-12 23:20;0;0;"# balancetonporc Kevin Spacey effacé du film # Carrementhttps://twitter.com/welt/status/929726492472471552 …";;;# #;"929836358444765185";https://twitter.com/johnmarcel/status/929836358444765185
;2017-11-12 23:20;0;0;""Shoahisation de la main au cul" à pleurer de rire je n'aime pas # Weinstein ni le # # balancetonporc http://www.dailymotion.com/video/x68uz5i";;;# # #;"929836291927224320";https://twitter.com/Laboulaye123/status/929836291927224320
;2017-11-12 23:12;0;2;"-Balance ton porc, c'est spéciste! Puis pas logique d'être féministe et de bouffer de la viande... -Et toi t'es logique quand tu traites les femmes de truies et que tu parles d'éthique quand tu perpétues le sexisme avec tes faux arguments? Connard. # Feministe # balancetonporc pic.twitter.com/KpQCcqNSKZ";;;# #;"929834347611480064";https://twitter.com/WynnieHarmony/status/929834347611480064
;2017-11-12 23:08;0;0;"C'est cohérent # balancetonporc ou pas ? https://twitter.com/thisisinsider/status/929832439953928197 …";;;#;"929833282409201671";https://twitter.com/CaReagit/status/929833282409201671
;2017-11-12 23:06;0;1;"# balancetonporc un couvreur est envoyé par mon propriétaire pour un devis. Il prend en photo mes fesses sous ma jupe dans l'escalier et m fait des propositions par tel. Plainte classée sans suite";;;#;"929832922437341185";https://twitter.com/titju59/status/929832922437341185
;2017-11-12 23:06;0;10;"Bah voyons, la « DRH » du groupe FN au Parlement Européen - dont on connaît la probité légendaire - m’accuse d’être mythomane ... Quelle surprise # BalanceTonPorc https://twitter.com/hombelineduparc/status/929828725897809921 …";;;#;"929832682082766849";https://twitter.com/IskandarBnt/status/929832682082766849
;2017-11-12 22:52;0;0;"# balancetonporc # Solo Han dans l'épisode 5 avec la princesse :)";;;# #;"929829290002341893";https://twitter.com/Bal031092/status/929829290002341893
;2017-11-12 22:52;0;0;"# Balancetonporc : Un député # FN menace une victime de dévoiler une photo intime s'il venait… https://goo.gl/fb/qsbrvZ";;;# #;"929829272101031937";https://twitter.com/MODENUMB1/status/929829272101031937
;2017-11-12 22:52;0;0;"Jdevais rejoindre ma famille, et puis j'aurais pas osé aller lui parler jme serais retrouvé sur un # balancetonporc";;;#;"929829201947119617";https://twitter.com/julien_lnz/status/929829201947119617
;2017-11-12 22:51;10;67;"Faire du buzz sur des morts pour remplir une salle de sport. Différence entre patriotisme et images clipées d’attentats. Les extrêmes entraînent les extrêmes. Honteux. # balancetonporc @ ParisienSpo_IDF @ Europe1 @ BFMTV";;@ @ @;#;"929828916176539648";https://twitter.com/Evasherazade/status/929828916176539648
;2017-11-12 22:49;0;0;"Mais pourquoi tu viens me dire ça...? T'as l'impression que j'héberge Tariq ou Mamadou dans ma cave pour les protéger de # balancetonporc ?";;;#;"929828564287086592";https://twitter.com/missvidaow/status/929828564287086592
;2017-11-12 22:44;0;0;"# inception # balancetonporc par @ mariesinfiltrehttps://www.youtube.com/watch?v=GW8cN8W90kM …";;@;# #;"929827357409636354";https://twitter.com/ParigotManchot/status/929827357409636354
;2017-11-12 22:43;1;2;"# balancetonporc (suite) pic.twitter.com/trj6GezsLz";;;#;"929827123904303104";https://twitter.com/Ehllian/status/929827123904303104
;2017-11-12 22:43;0;0;"Je te l'ai dit : je suis favorable à # balancetonporc , je trouve ça salutaire. Pas seulement pour les femmes d'ailleurs, pour toute la société. Mais il faut savoir balancer le porc même quand il s'appelle Tariq ou Mamadou. Sinon, on incriminera les trottoirs trop étroits...";;;#;"929826905100079104";https://twitter.com/XavierCouture_/status/929826905100079104
;2017-11-12 22:39;3;1;"# balancetonporc https://twitter.com/connaisdja/status/929491074640465921 …";;;#;"929826056961478657";https://twitter.com/LucasDH3/status/929826056961478657
;2017-11-12 22:35;0;0;"Oui en France, si la femme s'est senti agressee, c'est normal d'appeler la police. # balancetonporc";;;#;"929825034566283264";https://twitter.com/abou_zeyneb/status/929825034566283264
;2017-11-12 22:34;0;0;"Le # balancetonporc en est remplie. Des meufs qui racontent leur viol en mode "J'ai rien pu faire, j'étais pétrifié car il m'a touché L'ÉPAULE" ?????? D:";;;#;"929824815673937920";https://twitter.com/AinyxNX/status/929824815673937920
;2017-11-12 22:33;0;0;"Nan c'est sûr. Mais on peut attendre les effets du # balancetonporc avant d'enclencher d'autres hashtags";;;#;"929824453059588096";https://twitter.com/AinyxNX/status/929824453059588096
;2017-11-12 22:30;0;0;"Elle va me sortir le coup de # balancetonporc";;;#;"929823742972383232";https://twitter.com/BenyBenYou/status/929823742972383232
;2017-11-12 22:29;0;0;"BALANCE TON RALOUF # BalanceTonPorc https://www.youtube.com/watch?v=VpGoTnkxfCI&feature=share …";;;#;"929823579067297794";https://twitter.com/LucieVivant/status/929823579067297794
;2017-11-12 22:28;0;3;"au passage il a été innocenté depuis longtemps, contrairement à ces producteurs/acteurs à qui ça ne date que du # balancetonporc . C'est imcomparable, c'est pour ça qu'il n'y aucune raison de ne pas le prendre";;;#;"929823214917779458";https://twitter.com/MBacqueyyy/status/929823214917779458
;2017-11-12 22:23;0;2;"C la peine de faire # balancetonporc pour balancer les mineures dans le lit d'adultes pédophiles !?";;;#;"929822014445096962";https://twitter.com/kpucine2/status/929822014445096962
;2017-11-12 22:23;21;48;"Stop à la récupération du # balancetonporc à des fins douteuses. Attendons les annonces officielles d @ EmmanuelMacron le 25 nov et stop aux Bras de fer. Avançons avec et pas contre. Il est question de victimes! Rien d autre. @ TeamMacronPR @ MarleneSchiappa";;@ @ @;#;"929821988155285505";https://twitter.com/LettreAudio/status/929821988155285505
;2017-11-12 22:15;0;0;"A quand, après # balancetonporc le hashtag # balanceTonHarceleurMoral? Hein? Là ça en ferait, du monde!";;;# #;"929820055650684928";https://twitter.com/SylviaFreda/status/929820055650684928
;2017-11-12 22:12;0;0;"Bah regarde la télé. # Balancetonporc à fait 2-3j, puis y a eu Ramadan et on aplus que ça et l'écriture inclusive en fond qui traine depuis 3 mois -_-";;;#;"929819192790077440";https://twitter.com/Infraraid/status/929819192790077440
;2017-11-12 22:10;0;0;"^ Tu as jusqu'à 38 ans pour porter plainte pour viol, @ mary_cul. # balancetonporc https://twitter.com/mary_cul/status/929817580319248386 …";;@;#;"929818716858142721";https://twitter.com/stoffellin/status/929818716858142721
;2017-11-12 22:07;0;37;"Déception. Avec quelles oeillères vous analysez le moment politique pour penser que l'écriture inclusive détourne des autres sujets féministes ? # balancetonporc vous avez entendu parler ? C'est tout le contraire qui se produit.";;;#;"929817868979535872";https://twitter.com/Guilrobis/status/929817868979535872
;2017-11-12 22:05;0;0;"# balancetonporc... pic.twitter.com/4adEZ6hG4a";;;#;"929817451617013760";https://twitter.com/alain_passemard/status/929817451617013760
;2017-11-12 22:02;0;1;"Oui je suis une femme, donc folle. # balancetonporc";;;#;"929816572973191168";https://twitter.com/GuibordHelene/status/929816572973191168
;2017-11-12 22:00;0;0;"Donc apparemment toutes celles (+même ceux, d'ailleurs) qui ont témoigné sur # BalanceTonPorc sont des sales spécistes qui s'ignorent. Quel raisonnement formidable.";;;#;"929816075306278912";https://twitter.com/Whainot/status/929816075306278912
;2017-11-12 21:48;3;3;"Apres # balancetonporc je vais m'amuser avec # Balancetatruie. Je vais poster tout les commentaires a base d'harcelement de fille sur des mecs.";;;# #;"929813269057097730";https://twitter.com/la_mulatresse/status/929813269057097730
;2017-11-12 21:46;26;53;"[TW VIOL] "J'avais une confiance aveugle envers lui." # balancetonporc pic.twitter.com/323j1VzcfA";;;#;"929812695054016512";https://twitter.com/1jour1temoin/status/929812695054016512
;2017-11-12 21:38;4;14;"# balancetonporc https://twitter.com/lea_sltn/status/929804725683412992 …";;;#;"929810596157149184";https://twitter.com/ElsaDMW/status/929810596157149184
;2017-11-12 21:34;0;0;"Peut etre que a force d'en parler,que des celebrités en parlent, comme l'affaire weinstein (l'affaire du debut du # metoo et # balancetonporc ) la loi se fera plus vite que si personne n'en parle";;;# #;"929809721825136640";https://twitter.com/Onebirdy/status/929809721825136640
;2017-11-12 21:31;2;0;"Franchement, à quoi ça sert de passer à la télé pour # balancetonporc si il n'y a pas de plainte de déposée ! Qu'il aille au bout de sa démarche, sinon c'est de l'accusation gratuite ... Qu'il porte plainte et qu'il balance !";;;#;"929808929382682626";https://twitter.com/FrkGuiot/status/929808929382682626
;2017-11-12 21:28;0;0;"Tiens tiens... le # Balancetonporc @ Daarjeeling qui confond harcèlement sexuel et sexualité est de sortie...pic.twitter.com/9kMQ2sD2Oo";;@;#;"929808216070017024";https://twitter.com/FerdinandDemara/status/929808216070017024
;2017-11-12 21:27;0;11;"Mes lectures sont dans l’hyper actualité. # balancetonporc # MeToo Demain, je vous parlerai de novembre !pic.twitter.com/CKBq8aJU75";;;# #;"929807949572247553";https://twitter.com/seckboubacar/status/929807949572247553
;2017-11-12 21:27;0;1;"Quelle honte et ça n’a choqué personne sur le plateau...ce monde va très mal #balancetonporc#";;;#balancetonporc #;"929807927849955328";https://twitter.com/Sophia_Clique/status/929807927849955328
;2017-11-12 21:17;0;4;"# balancetonporc marchait pas mal, y'a peu de temps. Tu peux essayer.";;;#;"929805341843476482";https://twitter.com/Gordon_etc/status/929805341843476482
;2017-11-12 21:16;0;0;"# balancetonporc https://twitter.com/omarfoudil/status/929760530985902080 …";;;#;"929805098456317953";https://twitter.com/Moh_Alami/status/929805098456317953
;2017-11-12 21:11;2;4;"# HopeSolo accuse # SeppBlatter d'agression sexuelle, il dément. .. # BalanceTonPorc pic.twitter.com/vDAfAurFrS";;;# # #;"929803860264341504";https://twitter.com/Rom__1__/status/929803860264341504
;2017-11-12 21:10;0;1;"lamentable au # FN cela me rappelle l'armée # omerta # pressions # menaces le # harcèlement n'existe pas et ils sont capable du pire # soutien à cette victime et # balancetonporc https://twitter.com/paul_denton/status/929785081371222018 …";;;# # # # # # #;"929803685504475138";https://twitter.com/schydlowski1/status/929803685504475138
;2017-11-12 21:10;0;0;"@ EMfeminisme @ osezlefeminisme merci de réagir contre ce genre de tweets qui en insultant la Ministre insulte toutes les femmes # Balancetonporc https://twitter.com/vendett49102352/status/929757964717699073 …";;@ @;#;"929803631733374977";https://twitter.com/Louisedescourt/status/929803631733374977
;2017-11-12 21:08;0;0;"Maître félicité zeifman sur l'affaire # Bonita # Leviolestuncrime # BalanceTonPorc # Metoopic.twitter.com/G3ixfR6HDc";;;# # # #;"929803171622477824";https://twitter.com/MinouChrystayl/status/929803171622477824
;2017-11-12 21:07;0;1;"C bien la peine de faire # balancetonporc ...";;;#;"929802945503383553";https://twitter.com/kpucine2/status/929802945503383553
;2017-11-12 21:06;1;0;"Un député # FN menace une victime de dévoiler une photo intime s'il venait à révéler son nom publiquement… # balancetonporc https://twitter.com/paul_denton/status/929785081371222018 …";;;# #;"929802707313086464";https://twitter.com/gridindriing/status/929802707313086464
;2017-11-12 21:06;0;1;"Jai voulu manger des tomates apres avoir mangé du chocolat , j'ai subis une agression culinaire là # balancetonporc";;;#;"929802537301086208";https://twitter.com/insss98/status/929802537301086208
;2017-11-12 21:05;0;0;"Le député Jean-Philippe Nilor est-il le (un des ?) Harvey Weinstein de Martinique ? # balancetonporc https://twitter.com/Bondamanjak/status/929781029166108672 …";;;#;"929802465347764225";https://twitter.com/gridindriing/status/929802465347764225
;2017-11-12 20:59;0;0;"# balancetonporc";;;#;"929800750087196672";https://twitter.com/djoulninho57/status/929800750087196672
;2017-11-12 20:58;3;4;"Chère @ MarleneSchiappa voici le numéro 1 des épisodes d' # équité # lajupe # balancetonporc # sexisme # égalité # femme # homme avec @ boblefelehttps://www.youtube.com/watch?v=deNY2DOP5aM …";;@ @;# # # # # # #;"929800513385910273";https://twitter.com/valentin_claire/status/929800513385910273
;2017-11-12 20:56;0;1;"# harcelement # harcelementderue # balancetonporc # harcelement # HarcelementScolairepic.twitter.com/8FHPI0grYo";;;# # # # #;"929800199958036480";https://twitter.com/GoCuisineMeuf/status/929800199958036480
;2017-11-12 20:56;0;0;"# Balancetonporc https://twitter.com/paul_denton/status/929785081371222018 …";;;#;"929800120597712896";https://twitter.com/CedLiox/status/929800120597712896
;2017-11-12 20:55;0;0;"# balancetonporc ms pas ds les rayons halal hein https://twitter.com/AlertesInfos/status/929783402793971712 …";;;#;"929799943757484034";https://twitter.com/LautreJaouad/status/929799943757484034
;2017-11-12 20:52;1;3;"Le # balancetonporc ne choque personne ? Alors pourquoi le # BalanceTaCochonne il dérange ?pic.twitter.com/ZugeG9S8Bt";;;# #;"929799196223434753";https://twitter.com/GoCuisineMeuf/status/929799196223434753
;2017-11-12 20:49;0;1;"Quand tu écoutes les féministes tu as plus l'impression qu'elles veulent prendre la place de l'homme et rendre l'homme victime. Car elles ont que de la haine envers l'homme. Une féministe n'aime pas les hommes. # Feministe # harcelementderue # balancetonporc # BalanceTaCochonne";;;# # # #;"929798217696448512";https://twitter.com/GoCuisineMeuf/status/929798217696448512
;2017-11-12 20:48;0;0;"Les gamines de 15 ans ont elles toutes la maturité nécessaire pour comprendre les envies sexuelles des hommes adultes !? Même question en inversant les sexes # Viol # balancetonporc";;;# #;"929797981167144961";https://twitter.com/ninouchtweett/status/929797981167144961
;2017-11-12 20:46;1;1;"Dacourt va finir sur # balancetonporc Sa vie est finie mdr Ruinée # CFC";;;# #;"929797670855696389";https://twitter.com/CarterChnine/status/929797670855696389
;2017-11-12 20:44;1;1;""Toute l’éducation des femmes doit être relative aux hommes. Leur plaire, leur être utiles, se faire aimer et honorer d’eux, les élever jeunes, les soigner grands, les conseiller, les consoler, leur rendre la vie agréable et douce : Jean Jacques Rousseau, 1774 # balancetonporc";;;#;"929797111385874436";https://twitter.com/SullivanKasia/status/929797111385874436
;2017-11-12 20:44;5;4;"Témoignage de la jeune fille qui a accusé @ saadlamjarred1 il y’a un an https://www.youtube.com/watch?v=4goEp3rZ3DY&sns=tw … # maroc # balancetonporc";;@;# #;"929797087297974279";https://twitter.com/AidaAlami/status/929797087297974279
;2017-11-12 20:40;0;0;"J'aime une vidéo @ YouTube : " # BALANCETONPORC" à l'adresse http://youtu.be/kKR-HbAOi38?a .";;@;#;"929795974075158528";https://twitter.com/Theo67560/status/929795974075158528
;2017-11-12 20:38;0;0;"# balancetonporc # balancetatruie";;;# #;"929795566795673600";https://twitter.com/blake_mortiner/status/929795566795673600
;2017-11-12 20:37;7;9;"EN # Suede 584 comediennes et actrices dénoncent dans un texte des actes d'harcèlement ou d'agressions sexuelles # Metoo # balancetonporc # revolution https://www.svd.se/swedish-actors-we-have-had-enough-of-sexual-violence …pic.twitter.com/0YhsllBzkT";;;# # # #;"929795345768501248";https://twitter.com/fsaltiel/status/929795345768501248
;2017-11-12 20:35;0;1;""cet homme", il se nomme Denis Baupin, ses agressions sexuelles sont prescrites et il a même eu le culot de porter plainte contre des femmes agressées... # Nausée # balancetonporc # MeToohttps://twitter.com/MatildeMeslin/status/929781910540312576 …";;;# # #;"929794826492669953";https://twitter.com/GetchTchern/status/929794826492669953
;2017-11-12 20:32;1;0;"# BalanceTonPorc # FN # ExtremeDroite # AN # Honte # LePen Merci @ MarleneSchiappa d'avoir enfin ouvert cette grave réalité française ..https://twitter.com/paul_denton/status/929785081371222018 …";;@;# # # # # #;"929794011631640576";https://twitter.com/RemiMarchand/status/929794011631640576
;2017-11-12 20:31;0;2;"Il faut déjà avoir l'esprit sacrément réducteur pour parler de "chasse à l'homme". La suite est à l'avenant : les filles, tendez l'autre fesse et n'oubliez pas de dire merci, au nom de la "galanterie française" chère à @ ELevyCauseur # Societe # balancetonporc https://twitter.com/Limportant_fr/status/929768764299710464 …";;@;# #;"929793763005870080";https://twitter.com/MNo_Robert/status/929793763005870080
;2017-11-12 20:30;0;0;"sauf que l'énergie et surtout le temps mediatique réservé aux luttes féministe (si rare !) est quasi systematiquement consacré à ça.D'ailleurs on voit bien que # Balancetonporc a été bien plus efficace pour l'évolution de l'opinion que des millier d'H de debat sur l'E Inclusive";;;#;"929793502870949888";https://twitter.com/Infraraid/status/929793502870949888
;2017-11-12 20:22;0;2;"# CPolitique cette guerre anti-mascuilin commence à me saouler le sexe. # balancetonporc est devenu balance ton putain de mec et ben ça me saoule. Attention à l’ultra féminisme de base !";;;# #;"929791540221939714";https://twitter.com/ian59000/status/929791540221939714
;2017-11-12 20:21;0;1;"# BalanceTonPorc https://twitter.com/jeanpaulglute/status/929783782982504449 …";;;#;"929791307614228480";https://twitter.com/GuntherRedal/status/929791307614228480
;2017-11-12 20:17;0;0;"Un musulman,de surcroît connu, accusé de n'importe quoi par n'importe qui, fait vendre et fait les choux gras des merdias.C'est la kermesse.Diffamer rapporte beaucoup de fric au détriment de la loi et de la justice. # balancetonporc https://youtu.be/_74AfP9Hqk4";;;#;"929790368341790721";https://twitter.com/akimakimaladin/status/929790368341790721
;2017-11-12 20:15;0;1;"Voici le poste de Flo marandet sur Facebook qui tire sur la sonnette d'alarme sur les dangers de la # cultureduviol et la violence machiste véhiculés par les paroles du rappeur ORELSAN.... C'EST VIOLENT. MERCI DE VEILLER FLO # BalanceTonPorc # MeToo # violencesfaitesauxfemmespic.twitter.com/2tqvnu8AEd";;;# # # #;"929789858524090368";https://twitter.com/MinouChrystayl/status/929789858524090368
;2017-11-12 20:15;0;2;"putain jean luc, ce beau gosse # BalanceTonPorc # SouvenirDeJeunesse # lmdla";;;# # #;"929789765175730179";https://twitter.com/Free8_/status/929789765175730179
;2017-11-12 20:13;0;2;"# balancetonporc . Pendant ce temps là aux USA . https://twitter.com/lettreaudio/status/929722393265917952 …";;;#;"929789225205190656";https://twitter.com/LettreAudio/status/929789225205190656
;2017-11-12 20:11;4;3;"# balancetonporc . Rendez vous pris pour écouter les annonces . Ca nous concerne. @ MarleneSchiappa @ TeamMacronPR @ EmmanuelMacronhttps://twitter.com/bfmpolitique/status/929687301210468352 …";;@ @ @;#;"929788742528839680";https://twitter.com/LettreAudio/status/929788742528839680
;2017-11-12 20:09;1;0;"# balancetonporc Sophie Calle : il a cherché mes lèves, je l'ai repoussé, il répondu "de tte façon vous mangez comme un porc" cette sentence revient me tourmenter pic.twitter.com/ksO0qnZElz";;;#;"929788253590388736";https://twitter.com/constancelombar/status/929788253590388736
;2017-11-12 20:09;0;1;"Je crois avoir de quoi faire un # balancetonporc et un # Harcèlement pro mais j'attends le rdv avec un avocat pour balancer ici l'enfer que je vis. L'angoisse du lundi...";;;# #;"929788176641773568";https://twitter.com/TataXN/status/929788176641773568
;2017-11-12 20:08;0;2;"moin non plus je ne peux pas tout lire! j'adore le # balancetonporc ;-) trop genial, trop réel";;;#;"929788045599092737";https://twitter.com/anaurgoiti2008/status/929788045599092737
;2017-11-12 20:06;0;0;"Ceci est une jupe pas une invitation. # harcelementsexuel # balancetonporc # metoopic.twitter.com/edJDxkmYFN";;;# # #;"929787532946141185";https://twitter.com/MinouChrystayl/status/929787532946141185
;2017-11-12 20:04;0;2;"# BalanceTonPorc pic.twitter.com/KeZ6imZ6OU";;;#;"929787005193551873";https://twitter.com/GalerneEric/status/929787005193551873
;2017-11-12 20:02;0;0;"# balancetonporc dites la @ RTBFinfo interroger Jean Luc Lahaye? Vraiment? Nondidju, mais vous avez quoi dans la tête?";;@;#;"929786455131672582";https://twitter.com/Pozny/status/929786455131672582
;2017-11-12 20:01;0;0;"Stop au silence balance la violence. # Brisonslesilence # balancetonporc # MeToo # VBG # VFFpic.twitter.com/gPqIqw3MLg";;;# # # # #;"929786222620348421";https://twitter.com/MinouChrystayl/status/929786222620348421
;2017-11-12 20:01;1;0;"Même dans le monde des comics, la parole se libére! Les responsables de ces actes tombent dans tpus les domaines mais je n'arrive toujours pas à comprendre tous ceux qui les ont protégés sciemment! # balancetonporc # meetoohttp://www.comicsblog.fr/28901-DC_suspend_de_ses_fonctions_eddie_Berganza_diteur_accus_de_harclement_sexuel_depuis_longtemps …";;;# #;"929786196624109569";https://twitter.com/ItriMickael/status/929786196624109569
;2017-11-12 20:00;6;5;"Sus aux vicelards ! # MeToo # DonaldTrump # Harcèlement # balancetonporc https://www.courrierinternational.com/une/sus-aux-vicelards …";;;# # # #;"929785878368501760";https://twitter.com/Asso_FIA/status/929785878368501760
;2017-11-12 19:59;474;349;"# BalanceTonPorc mais acquitte un homme qui a des relations sexuelles avec une mineure de 11 ans # paradoxe # hontehttps://twitter.com/valerieboyer13/status/929450016334405632 …";;;# # #;"929785775146889217";https://twitter.com/valerieboyer13/status/929785775146889217
;2017-11-12 19:56;512;254;"# Balancetonporc : Un député # FN menace une victime de dévoiler une photo intime s'il venait à révéler son nom publiquement... Témoignage # CPolitique # DirectANpic.twitter.com/gCybO0oZGN";;;# # # #;"929785081371222018";https://twitter.com/paul_denton/status/929785081371222018
;2017-11-12 19:56;1;0;"INADMISSIBLE @ Mary_Alexiann @ Lau_Be1 # balancetonporc # Maelys @ innocencedanger @ elsavigoureux @ franceinfo @ DidierTauzin @ YourAnonRevolt @ LCPpic.twitter.com/MK7KN51Nt5";;@ @ @ @ @ @ @ @;# #;"929784892237537280";https://twitter.com/othellolemaure1/status/929784892237537280
;2017-11-12 19:55;0;1;"# balancetonporc ça nous arrive à toutes il faut croire";;;#;"929784707872690178";https://twitter.com/jjuju18/status/929784707872690178
;2017-11-12 19:54;0;1;"on raconte notre histoire en espagne? @ ColeenLrty # BalanceTonPorc";;@;#;"929784410278424579";https://twitter.com/_jmnzz/status/929784410278424579
;2017-11-12 19:53;0;0;"C'est merveilleux ! Nous femmes avons le droite pour vivre et travailler en paix. # balancetonporc https://twitter.com/EmmaGagliardi/status/929286619332513792 …";;;#;"929784248990449664";https://twitter.com/actandmot/status/929784248990449664
;2017-11-12 19:44;0;0;"Shame ! How can these young girls claim # MeTo . Honteux comment ces filles enfants pourraient se rebeller et # balancetonporc";;;# #;"929782003087675392";https://twitter.com/SYB85510859/status/929782003087675392
;2017-11-12 19:42;0;0;"Je ne parle que de la UNE (règlement de compte) pour le reste désolé mais la défense de TR et ses amis antisionistes, je ne crois pas à des femmes venues de nulle part payées par le mossad :) c'est le # balancetonporc qui a libéré la parole et Ramadan ou pas c'est une bonne chose";;;#;"929781570369671168";https://twitter.com/ProgrammeEJL/status/929781570369671168
;2017-11-12 19:42;0;0;"# BalanceTonPorc";;;#;"929781434000306177";https://twitter.com/DarkHodji/status/929781434000306177
;2017-11-12 19:40;3;5;"http://moifemmes.com/2017/10/23/le-depute-jean-philippe-nilor-est-le-harvey-weinstein-de-martinique/ … # Nilor # balancetonporc # Martinique # agressionsexuelle # harcèlement # harcelementsexuel # france # HarveyWeinstein # Weinstein @ MarleneSchiappa # metoo @ FdeRugy @ AssembleeNat @ publicsenat @ AndreChassaigne @ loutremer @ ChTaubira @ CTM_Martinique @ lobs @ 20Minutes";;@ @ @ @ @ @ @ @ @ @;# # # # # # # # # #;"929781029166108672";https://twitter.com/Bondamanjak/status/929781029166108672
;2017-11-12 19:39;0;1;"Go tater de la 2005 l'année pro # balancetonporc https://twitter.com/BFMTV/status/929749234299166721 …";;;#;"929780592358682624";https://twitter.com/lediabydelavane/status/929780592358682624
;2017-11-12 19:35;2;1;"Au fait: # BalanceTonPorc https://twitter.com/jeanpaulglute/status/929766922803204098 …";;;#;"929779741577613313";https://twitter.com/GuntherRedal/status/929779741577613313
;2017-11-12 19:33;0;0;"# balancetonporc PATRICE Maille 1 rue du puits à Neuville les Bray 0647757938 violeur et pervers il tape les femmes";;;#;"929779308809375745";https://twitter.com/Kadouri86893072/status/929779308809375745
;2017-11-12 19:30;0;1;"@ Parisjecoute pervers exibitionniste entre rue Lamarck et rue Marcadet dans le 18ème, flashant les adolescentes. A fui. Photo prise. A qui adresser? # balancetonporc";;@;#;"929778531684495361";https://twitter.com/thomasdurand/status/929778531684495361
;2017-11-12 19:27;0;0;"Le # Balancetonporc c'est vraiment pas gentil pour les porcs :(((";;;#;"929777709458317312";https://twitter.com/unverrederose/status/929777709458317312
;2017-11-12 19:25;0;0;"# BalanceTonPorc";;;#;"929777295849598976";https://twitter.com/CasseSpip/status/929777295849598976
;2017-11-12 19:22;0;0;"J'aime une vidéo @ YouTube : " # BALANCETONPORC" à l'adresse http://youtu.be/kKR-HbAOi38?a .";;@;#;"929776363279667201";https://twitter.com/MarineJean2/status/929776363279667201
;2017-11-12 19:22;0;0;"@ saadlamjarred1 : # balancetonporc";;@;#;"929776317402370049";https://twitter.com/BazBazant/status/929776317402370049
;2017-11-12 19:21;6;4;"# BalanceTonPorc https://twitter.com/stenance_/status/886695946012291072 …";;;#;"929776212532228096";https://twitter.com/afroz95/status/929776212532228096
;2017-11-12 19:20;0;1;"Tu le mets sur le # balancetonporc";;;#;"929775924542869509";https://twitter.com/Nonogenius/status/929775924542869509
;2017-11-12 19:17;0;0;"Stupéfiant ! - Femmes dans le cinéma : ces obscurs objets du désir # Weinstein # BalanceTonPorc | https://www.france.tv/france-2/stupefiant/saison-2/311209-femmes-dans-le-cinema-ces-obscurs-objets-du-desir.html …";;;# #;"929775272118931456";https://twitter.com/iClemB/status/929775272118931456
;2017-11-12 19:09;0;0;"# BalanceTonPorc";;;#;"929773261075963904";https://twitter.com/MineGiik/status/929773261075963904
;2017-11-12 19:08;0;1;"Ton constat n'est la "triste réalité" que pour les hommes dont le comportement avec les femmes est tel que ceux dénoncés sur # balancetonporc";;;#;"929772788423983104";https://twitter.com/gridindriing/status/929772788423983104
;2017-11-12 19:07;2;6;"# balancetonporc pic.twitter.com/q16D9LXXq3";;;#;"929772583230287872";https://twitter.com/Hiroshiman_X/status/929772583230287872
;2017-11-12 19:06;0;1;"Pour que quelqu’un se sente agressé c’est qu’il y a eu agression ! # BalanceTonPorc # PersoC’estAliceViault";;;# #;"929772525344706560";https://twitter.com/bastosduperou/status/929772525344706560
;2017-11-12 19:04;91;51;"Encore un # balancetonporc. Le suppléant de la candidate LREM @IsiaKhalfi. Triste marque de fabrique. pic.twitter.com/fTu3xnoqbR";;@IsiaKhalfi;#;"929772018765049857";https://twitter.com/JoeChiiip/status/929772018765049857
;2017-11-12 19:04;0;0;"Ceci n'est pas un dédouanement pour # metoo # balancetonporc Weinstein Ramadan. https://twitter.com/VICEfr/status/929770794321719297 …";;;# #;"929771902360485888";https://twitter.com/ckimoa/status/929771902360485888
;2017-11-12 18:55;0;1;"pas étonnée ! # balancetonporc";;;#;"929769516766257152";https://twitter.com/Sandrina1978/status/929769516766257152
;2017-11-12 18:50;0;0;"La mm qui balance le # balancetonporc";;;#;"929768422270996480";https://twitter.com/Dvlyaya/status/929768422270996480
;2017-11-12 18:50;3;3;"http://www.bondamanjak.com/le-depute-jean-philippe-nilor-a-des-rapports-sexuels-dans-un-ascenseur-de-lassemblee-nationale-francaise-et/ … # balancetonporc # MeToo # Martinique # France @ AssembleeNat @ FdeRugy @ MarleneSchiappa # agressionsexuelle # harcelementsexuel # sex # droitdecuissage # sexe @ publicsenat @ ActusPolitiques @ Limportant_fr @ NewsPolitiques_ @ loutremer # Nilor @ CTM_Martinique # depute";;@ @ @ @ @ @ @ @ @;# # # # # # # # # # #;"929768311985975296";https://twitter.com/Bondamanjak/status/929768311985975296
;2017-11-12 18:48;0;1;"# BalanceTonPorc";;;#;"929767950403473409";https://twitter.com/xLakwaTik/status/929767950403473409
;2017-11-12 18:48;3;10;"Pressé qu'Ilona tweete # balancetonporc à propos de jean au HDF";;;#;"929767857294139392";https://twitter.com/HipHipHipHippo1/status/929767857294139392
;2017-11-12 18:46;3;0;"« Culturel et civilisationnel ? » # tweetecommequitusais # balancetonporc pic.twitter.com/6JfZcaiO7B";;;# #;"929767473834004481";https://twitter.com/MusulmanH24_/status/929767473834004481
;2017-11-12 18:45;3;0;"SG d # polisario es procesado en # Espana por l violación d Khadijetou! # Metoo # YoTambien # BalanceTonPorc # SaharaOccidental # AutonomíaAhora # Dejadefinanciar # AhoraTocaSáhara # westernsahara # SaharaMarroqui # MoroccanSahara # SaharaMarocain # Cataluna # CatalunaEsEspana # SaharaHablapic.twitter.com/kRgyqpBK6d";;;# # # # # # # # # # # # # # # #;"929767239313711104";https://twitter.com/CORCAS_AUTONOMY/status/929767239313711104
;2017-11-12 18:43;3;2;"L'acteur Kevin Spacey (Seven, House of card) à été cité avec # BalanceTonPorc, les conséquences sont grave, l'acteur est viré de House of Card, et évincé du nouveau film de Ridley Scott. Pour sa défense Il retourne la situation en faisant son coming out.";;;#;"929766579365122048";https://twitter.com/captnspldng/status/929766579365122048
;2017-11-12 18:40;1;5;"# manspreading on peut voir que Thauvin n'est pas à l'aise et se sent oppressé au côté de Patrick Evra qui ecarte beaucoup trop les jambes # balancetonporc pic.twitter.com/d7TSr2heBb";;;# #;"929765936177078272";https://twitter.com/PokytoPoky/status/929765936177078272
;2017-11-12 18:38;1;3;"Laura Prioul : la vérité # balancetonporc # SaadLamjarredhttps://youtu.be/4goEp3rZ3DY";;;# #;"929765477232140290";https://twitter.com/majid_zaki/status/929765477232140290
;2017-11-12 18:37;0;0;"On a violé mon identité,sequestrée ma culture,touchée mon économie,emprisonnée ma sécuritée ! # balancetonporc";;;#;"929765199736922112";https://twitter.com/Brossar98052242/status/929765199736922112
;2017-11-12 18:20;0;0;"Le critical thinking des anglo-saxons est une grande réponse à tout. Ayons des modèles, écoutons les voix qui portent mais n’oublions jamais notre propre capacité à forger notre propre point de vue # TariqRamadan # BalanceTonPorc";;;# #;"929760926890430467";https://twitter.com/iamstephanek/status/929760926890430467
;2017-11-12 18:20;0;2;"Après l’avoir adulé, ses soutiens le lâchent. Regrettent. Remettent en question ses points de vue. Découvrent soudain qu’il n’est pas si modéré # TariqRamadan # BalanceTonPorc";;;# #;"929760924529037312";https://twitter.com/iamstephanek/status/929760924529037312
;2017-11-12 18:20;0;2;"Est-il coupable de ce dont on l’accuse? Je n’en sais rien mais il sera éternellement écorché par l’affaire. Weinstein aura emporté de nombreuses personnes avec lui. # TariqRamadan # BalanceTonPorc";;;# #;"929760920309583872";https://twitter.com/iamstephanek/status/929760920309583872
;2017-11-12 18:20;2;4;"# balancetonporc # balancestonporc # balancetonchatpic.twitter.com/ssLvxQTAua";;;# # #;"929760704999063552";https://twitter.com/elag71/status/929760704999063552
;2017-11-12 18:09;0;1;"# balancetonporc: Attention aux amalgames entre drague lourde et harcélement sexuel. Ne stigmatisez pas tous les hommes, un peu de tris SVP.";;;#;"929758151045414912";https://twitter.com/etienne_bixelle/status/929758151045414912
;2017-11-12 18:08;0;1;"Image rare de Weinstein pendant un tournage mouvementé # balancetonporc pic.twitter.com/suO8OO5B2W";;;#;"929757857351954432";https://twitter.com/Froxties/status/929757857351954432
;2017-11-12 17:57;0;1;"# balancetonporc";;;#;"929755163547590657";https://twitter.com/spqr13500/status/929755163547590657
;2017-11-12 17:53;1;0;"En France les agresseurs sexuels ne sont pas poursuivis, ils sont encensés à la Cinémathèque de France. # balancetonporc https://twitter.com/carolinedehaas/status/928848708388769793 …";;;#;"929754091756154882";https://twitter.com/patronsvoyous/status/929754091756154882
;2017-11-12 17:53;0;0;"# balancetonporc pic.twitter.com/OzzaTOsltn";;;#;"929753917059162117";https://twitter.com/Dante_Teru/status/929753917059162117
;2017-11-12 17:49;0;0;"# balancetonporc ça plait apparemment pas à Pierre Menés il m a keblo kom 1chien de casse alors qu'il manque de respect a mon club # TeamOM";;;# #;"929753099459289089";https://twitter.com/spqr13500/status/929753099459289089
;2017-11-12 17:49;0;0;"Terry Crews porte plainte contre son agresseur # MeToo # BalanceTonPorc http://bit.ly/2AD4pk0 pic.twitter.com/0wcZstHILC";;;# #;"929752907196649472";https://twitter.com/FadUrban/status/929752907196649472
;2017-11-12 17:44;0;1;"On dirait que pour certains hommes, balancer leurs glaviots par terre en toute impunité, reste leur dernier rempart de résistance contre les femmes... # BalanceTonPorc";;;#;"929751657700839426";https://twitter.com/avececi/status/929751657700839426
;2017-11-12 17:43;1;1;"@ fabrodu13 c'est le # balancetonporc ça passe pas à mon avis";;@;#;"929751514561892352";https://twitter.com/spqr13500/status/929751514561892352
;2017-11-12 17:42;0;1;"C’est vrai qu’une jeune fille âgée entre 13 et 15 ans peut être considérée comme consentante face à un homme de 30, 40, 50 ans et plus !! # balancetonporc https://twitter.com/bfmtv/status/929749234299166721 …";;;#;"929751347297210368";https://twitter.com/AMOEConsulting/status/929751347297210368
;2017-11-12 17:42;0;0;"Il a même un mot pour # balancetonporc en disant qu'il était pour et que c'était bien que la parole se libère. En même temps, il fustige la trop grande place du religieux dans le débat et avance même que l'immigration est devenue une obsession et qu'il faut parler d'autre chose...";;;#;"929751234382385152";https://twitter.com/gondebaude/status/929751234382385152
;2017-11-12 17:40;0;1;"J'aime une vidéo @ YouTube : " # BALANCETONPORC" à l'adresse http://youtu.be/kKR-HbAOi38?a .";;@;#;"929750749487263745";https://twitter.com/Anarchy_gta91/status/929750749487263745
;2017-11-12 17:34;7;4;"http://www.bondamanjak.com/accuse-de-viol-evoque-chaleur-africaine-de-victime-de-11-ans-tombee-enceinte-acquitte/ … @ Limportant_fr @ MarleneSchiappa @ ChTaubira @ RokhayaDiallo @ moifemmesparis @ Nesly_Nefertiti @ SibNdiaye # Macron # FRANCE # COLBERT @ Mycho @ NESSY_POLITANO @ kaysha # Afrique # viol @ loutremer @ AnnickGirardin @ gerardcollomb @ JLMelenchon # balancetonporc # metoo";;@ @ @ @ @ @ @ @ @ @ @ @ @ @;# # # # # # #;"929749292750958592";https://twitter.com/Bondamanjak/status/929749292750958592
;2017-11-12 17:34;1;0;"quand on pose les questions qui dérangent :) @ f_philippot @ _LesPatriotes # balancetonporc # balancetonforumpic.twitter.com/5i0OzLQfJR";;@ @;# #;"929749178116395008";https://twitter.com/stairnod/status/929749178116395008
;2017-11-12 17:31;0;2;"# Balancetonporc";;;#;"929748585079496704";https://twitter.com/TaToOne_/status/929748585079496704
;2017-11-12 17:29;0;2;"Je rêve ou tu défends ton droit à avoir des relations sexuelles avec des mineurs de moins de 13/15 ans ?! # balancetonporc";;;#;"929747930512273413";https://twitter.com/gridindriing/status/929747930512273413
;2017-11-12 17:23;0;0;"# balancetonporc # Balancetatruiehttps://www.youtube.com/watch?v=1cr9mQh_IlA …";;;# #;"929746415450017792";https://twitter.com/jackseg/status/929746415450017792
;2017-11-12 17:22;0;0;"2000ans aprés ses armes peuvent encore tuer # balancetonporc";;;#;"929746203725713408";https://twitter.com/nocenouvel/status/929746203725713408
;2017-11-12 17:17;0;1;"# BalanceTonPorc "All pigs are intelligent, emotional, and sensitive souls. They all love company. They all crave contact and comfort. Pigs have a delightful sense of mischief" Sy Montgomery,";;;#;"929745078180040705";https://twitter.com/1france2systems/status/929745078180040705
;2017-11-12 17:13;0;1;"# balancetonporc https://twitter.com/Newsweek/status/928634264949805057 …";;;#;"929744060692262912";https://twitter.com/gridindriing/status/929744060692262912
;2017-11-12 17:12;0;0;"# balancetonporc https://twitter.com/lestrepublicain/status/929742779454017536 …";;;#;"929743733163282434";https://twitter.com/ILoveMarseille1/status/929743733163282434
;2017-11-12 17:09;0;0;"# balancetonporc http://m.slate.fr/story/153212/que-va-t-il-rester-de-la-drague-de-rue …";;;#;"929742959498670080";https://twitter.com/Ricmelo3/status/929742959498670080
;2017-11-12 17:08;0;1;"Excellente analyse. # cultureduviol # metoo # moiaussi # balancetonporc @ valeriepereztv Harcèlement Sexuel : La parole se libère │ Analyse de Joelle Levy # GMTLVpic.twitter.com/mnM91zcBeI";;@;# # # # #;"929742797174910983";https://twitter.com/_avemaia_/status/929742797174910983
;2017-11-12 17:05;1;0;"Portia de Rossi accuse Steven Seagal d’avoir ouvert sa braguette lors d’une audition # MeToo # BalanceTonPorc http://bit.ly/2zQ2E5E pic.twitter.com/zEFEXYbZGg";;;# #;"929741834024378369";https://twitter.com/FadUrban/status/929741834024378369
;2017-11-12 17:04;1;1;"En tant qu'antispécistes, soutenons donc les féministes. Oui # Balancetonporc est spéciste, mais c'est indécent et sexiste de détourner le sujet quand de telles voix formidables se libèrent. Et les porcs, ils veulent surtout arrêter d'être tués en masse, en fait.";;;#;"929741734548033536";https://twitter.com/Outmachin_/status/929741734548033536
;2017-11-12 17:02;1;2;"# MeToo # balancetonporc This may be a bit long to hold ur attention, but it has value. pic.twitter.com/UgPCWnsruZ";;;# #;"929741218858156032";https://twitter.com/Talula71/status/929741218858156032
;2017-11-12 17:01;0;0;"Nan y a du respect à avoir pour les autres aussi, c'est comme si je me baladais en boxer et ensuite ça va tweeter # balancetonporc .";;;#;"929741043347742721";https://twitter.com/Greem69/status/929741043347742721
;2017-11-12 16:54;0;1;"Inconcevable. Le mot "Monstres" relève de l'euphémisme # balancetonporc https://twitter.com/sitesisyphe/status/929109194506231808 …";;;#;"929739117721767941";https://twitter.com/RoxaneRoxane31/status/929739117721767941
;2017-11-12 16:51;1;1;"# balancetonporc : @ u_lbck qui mange beaucoup trop quand il va chez sa grand-mère c'est INSANE";;@;#;"929738420846583808";https://twitter.com/Nystre1/status/929738420846583808
;2017-11-12 16:46;0;0;"Mayim Bialik : « Mon article sur le harcèlement sexuel a été sorti de son contexte » # MeToo # BalanceTonPorc http://bit.ly/2zywc7A pic.twitter.com/vpwJEXTjuW";;;# #;"929737071467679744";https://twitter.com/voicurban/status/929737071467679744
;2017-11-12 16:41;119;78;"Bis repetita # balancetonporc coucou @ MoorganSimon. En bonus, collaborateur parlementaire d'O'Petit. Double peine.pic.twitter.com/QnPoeyQbM3";;@;#;"929735943011135489";https://twitter.com/JoeChiiip/status/929735943011135489
;2017-11-12 16:39;1;5;"# balancetonporc @ leojerrard cet homme a essayé de me bouffer les tétons dans mon consentement";;@;#;"929735374347362304";https://twitter.com/lucas11lec/status/929735374347362304
;2017-11-12 16:38;111;67;"# balancetonporc coucou @ christophearendpic.twitter.com/PIUfda5KaV";;@;#;"929735086328745985";https://twitter.com/JoeChiiip/status/929735086328745985
;2017-11-12 16:35;0;0;"# balancetonporc PATRICE Maille 1 rue du puits à Neuville les Bray 0647757938= Harvey weinstein Pervers sexuel qui va dans bar à fille les ramène à l hôtel et les VIOLE";;;#;"929734388157440000";https://twitter.com/Kadouri86893072/status/929734388157440000
;2017-11-12 16:33;0;0;"Bravo la France! Bravo la justice! # balancetonporc https://twitter.com/ELLEfrance/status/929706123237629959 …";;;#;"929733883851100160";https://twitter.com/oiseaudenight/status/929733883851100160
;2017-11-12 16:32;0;0;"# balancetonporc PATRICE Maille 1 rue du puits à Neuville les Bray 0647757938 violeur PERVERS et machiavélique pour abusé les femmes";;;#;"929733552790560771";https://twitter.com/Kadouri86893072/status/929733552790560771
;2017-11-12 16:26;1;3;"Le viol incestueux, une atrocité très répandue en Afrique, dont sont victimes les jeunes filles dans les maisons, qui reste tu et qui tue les femmes...! # balancetonporc # MeToo # balancestonporc";;;# # #;"929732236601102338";https://twitter.com/sylvia_apata/status/929732236601102338
;2017-11-12 16:25;0;0;"Après # Balancetonporc, # balancetatruie... on devient fouhttps://www.lexpress.fr/styles/vip/mariah-carey-accusee-par-son-ex-garde-du-corps-de-harcelement_1959167.html …";;;# #;"929732001279733760";https://twitter.com/francoisedemare/status/929732001279733760
;2017-11-12 16:14;0;3;"J’aime une vidéo de @ manonqdt_off & @ quadratus_anais - # BALANCETONPORC https://youtu.be/kKR-HbAOi38 via @ YouTube";;@ @ @;#;"929729138671353858";https://twitter.com/justoceex/status/929729138671353858
;2017-11-12 16:12;0;2;"# BALANCETONPORC https://youtu.be/kKR-HbAOi38 via @ YouTube @ manonqdt_off @ quadratus_anais";;@ @ @;#;"929728689859956737";https://twitter.com/_AudreyCosta_/status/929728689859956737
;2017-11-12 16:07;0;0;"# balancetonporc";;;#;"929727405152972800";https://twitter.com/nuagee/status/929727405152972800
;2017-11-12 16:06;0;0;"# balancetonporc PATRICE Maille 55ans marié 1 rue du puits à Neuville les Bray 0647757938 Pervers abuse femmes et m a violé me saoulant avant";;;#;"929727214895206400";https://twitter.com/Kadouri86893072/status/929727214895206400
;2017-11-12 16:05;0;0;"# USAPFCG je comprends pas que ce club de violeurs n'ait pas été dissout.... # balancetonporc";;;# #;"929726754163429376";https://twitter.com/Cgr072/status/929726754163429376
;2017-11-12 16:04;0;0;"# balancetonporc Brighelli harcèle vivement Marlène Schiappa https://youtu.be/axnIkk49fkM?t=30m54s …pic.twitter.com/GZYjylMpN7";;;#;"929726668515758080";https://twitter.com/BalayeurMalien/status/929726668515758080
;2017-11-12 16:02;1;0;"Guillaume il a oublié mon deuz hier # BalanceTonPorc";;;#;"929726109926789120";https://twitter.com/Neos_Edits/status/929726109926789120
;2017-11-12 16:01;0;0;"Et Mardi matin Vénus va tweeter des # BalanceTonPorc https://twitter.com/20minutesplanet/status/929675161782984711 …";;;#;"929725825779470336";https://twitter.com/Yorick_G/status/929725825779470336
;2017-11-12 16:01;1;7;"Dario Argento,un de mes réalisateurs préférés,et bien sûr sa fille @ AsiaArgento,je traduis en gros:l'Italie est aussi pleine de porcs et prête à donner leurs noms" Bravo à Asia pour son combat!(Et toutes les autres) # balancetonporc https://twitter.com/AsiaArgento/status/929722626154684418 …";;@;#;"929725820649852929";https://twitter.com/EricDeb1/status/929725820649852929
;2017-11-12 15:57;16;13;"84 000 FEMMES VICTIMES DE VIOLS OU TENTATIVES DE VIOL PAR AN : UNE IMPUNITÉ FRANÇAISE # balancetonporc # infographiepic.twitter.com/l5WwZKnb1K";;;# #;"929724761118330880";https://twitter.com/InfographiesPol/status/929724761118330880
;2017-11-12 15:51;0;0;"Les faux éloges sous caution intello pour endormir mais agrémentés de critiques autoritaristes polies, le coeur du sujet en fait, de ce que devrait être la femme ou # balancetonporc selon lui. Sa politesse qui permet de mieux agresser tout sourire, de mieux suggérer ce qu’il ne";;;#;"929723382844846080";https://twitter.com/xtruti/status/929723382844846080
;2017-11-12 15:50;0;2;"Il était mon prof de musique. Il m'a enfermée dans le local poubelle et s'est masturbé devant moi jusqu'à éjaculer dans ses doigts. Toute l'année je passais au tableau chaque cour pour voir ma petite culotte. J'avais 7 ans. # balancetonporc";;;#;"929723114807808001";https://twitter.com/Berengazel/status/929723114807808001
;2017-11-12 15:49;0;0;"Charlie Sheen: la mère de Corey Haim dément les accusations de viol # MeToo # BalanceTonPorc http://bit.ly/2zDpHxI pic.twitter.com/lOX1u37ILd";;;# #;"929722721877024771";https://twitter.com/FadUrban/status/929722721877024771
;2017-11-12 15:47;0;1;"Humour noir du dimanche ! @ MeetThePress émission Américaine @ nbc " Il n y a que 20 femmes au Sénat. J ai le rêve qu un jour les femmes sénatrices soient aussi nombreuses que les victimes d # HarveyWeinstein" # balancetonporc https://twitter.com/meetthepress/status/929720337432006656 …";;@ @;# #;"929722393265917952";https://twitter.com/LettreAudio/status/929722393265917952
;2017-11-12 15:47;0;0;"Un peu tard mais pas trop tard : tu passes ton permis moto et le moniteur te fait comprendre que tu n'as rien à faire là car tu es une femme..en bafouant le peu de règles de sécurité à observer.. Et encore, moi je n'ai pas finis à l'hôpital comme certaines.. # balancetonporc";;;#;"929722301209300992";https://twitter.com/MyUBdo/status/929722301209300992
;2017-11-12 15:36;0;0;"# balancetonporc https://twitter.com/Marcelli_Syl/status/929679747747106819 …";;;#;"929719613264449536";https://twitter.com/ParigotManchot/status/929719613264449536
;2017-11-12 15:28;0;1;"Bref, en 2017, on n’en a pas fini avec ce genre de mentalité répugnante. # BalanceTonPorc est de mise ici je crois.";;;#;"929717438656024576";https://twitter.com/JadeMaron/status/929717438656024576
;2017-11-12 15:27;4;3;"Dix-sept femmes ont accusé Donald Trump d'agressions sexuelles, rappelle @ Newsweek # metoo # balancetonporc pic.twitter.com/q7D6qGbVXm";;@;# #;"929717398260867072";https://twitter.com/angelinemontoya/status/929717398260867072
;2017-11-12 15:26;5;3;"RDV d'actualité 12h-13h lundi 13 novembre 2017 à la Faculté de Droit de Douai, où @ Chahinaze_Srh nous expliquera le phénomène social # BalanceTonPorc et ses implications juridiques!";;@;#;"929717075425316864";https://twitter.com/AssociationDAT/status/929717075425316864
;2017-11-12 15:26;1;1;"Parce que porter plainte quand on est plusieurs donne plus de chance, une seule adresse : suisjeseule@gmail.com # balancetonporc # moiaussi # metoohttps://twitter.com/sandrousseau/status/925443643619663872 …";;@gmail;# # #;"929717058589417472";https://twitter.com/gridindriing/status/929717058589417472
;2017-11-12 15:25;1;2;"Imagine un jury composé en majorité d'hommes comme ceux qui clament sur # balancetonporc que les témoignages qui s'y trouvent sont des mensonges de femmes qui s'inventent une vie et autres saloperies dans le genre… https://twitter.com/BeaulieuBap/status/921342039765192705 …";;;#;"929716671543173120";https://twitter.com/gridindriing/status/929716671543173120
;2017-11-12 15:23;1;0;"Sylvain Marcelli, c'est le genre de mec qu'on regrette d'avoir pris dans son mouvement 2 ans plus tard @ f_philippot @ _LesPatriotes # BalanceTonForum # BalanceTonPorc pic.twitter.com/4oiXeYuubc";;@ @;# #;"929716217669214214";https://twitter.com/stairnod/status/929716217669214214
;2017-11-12 15:18;0;1;"Est ce que tes vraiment en train de comparer un Mr je sais tout hyper relou qui te soule paske ta mal fait ton taf a des mec qui harcèlent sexuellement des femmes et/ou les opressent paske ce sont des femmes ? # BalanceTonPorc https://twitter.com/SanglierSympa/status/919548132014346240 …";;;#;"929714984602558465";https://twitter.com/SamWoodley/status/929714984602558465
;2017-11-12 15:16;2;4;"Je suis harcelé par @ raphPwn il n'as de cesse de me peloter/dorloter les mollets sans mon consentement # balancetonporc";;@;#;"929714569995608064";https://twitter.com/BriZ_sama/status/929714569995608064
;2017-11-12 15:09;0;0;"Sous les verrous # balancetonporc pic.twitter.com/m1d7oPAm71";;;#;"929712662539309062";https://twitter.com/Mogoooo/status/929712662539309062
;2017-11-12 15:08;0;1;"@ ruquierofficiel Test 280 caractères. Pour un pari, j'ai mis la main aux fesses à une ancienne joueuse de tennis qui me renvoya la balle aussi sec d'un revers de la main en pleine figure. # balancetonporc Si Dieu était athée, j'irai à la messe plus souvent. # JBBDérivesdialectiques";;@;# #;"929712453088436225";https://twitter.com/JBB78644409/status/929712453088436225
;2017-11-12 14:54;1;2;"Il faut détruire le concept de l'homme Il faut détruire le concept de l femme Il faut détruire le concept de l'hétérosexualité Vous avez assez fait de dégâts comme ça, next. # gender # balancetonporc # stopoppression";;;# # #;"929708866442616838";https://twitter.com/Cybergally/status/929708866442616838
;2017-11-12 14:52;0;5;"Bref @ EffGeee, prend de la graine de @ KaarisOfficiel1 stp https://twitter.com/Nauthiz_Fthagn/status/924591746524336129 … # balancetonporc # LTs";;@ @;# #;"929708368977104896";https://twitter.com/flavie_rcr/status/929708368977104896
;2017-11-12 14:48;1;0;"# Viol # Pedophilie jusqu'au parloir de la # prison. "Femme "sous influence".?? L'égalité homme/femme n'est pas réclamée lorsqu'il s'agit d'excuser le viol d'un enfant par sa mère # Féminisme # BalanceTonPorc http://www.francesoir.fr/societe-fait-divers/amiens-poix-de-picardie-somme-le-pere-et-la-mere-violent-leurs-petits-pendant-6-ans-sexe-inceste-complice-horreur-pervers-pedophile-verdict …";;;# # # # #;"929707370204270594";https://twitter.com/LisePierr/status/929707370204270594
;2017-11-12 14:46;0;0;"Louis C.K. : accusé de gestes déplacés # MeToo # BalanceTonPorc http://bit.ly/2i7l4ob pic.twitter.com/8eNLliC04s";;;# #;"929706854795698178";https://twitter.com/voicurban/status/929706854795698178
;2017-11-12 14:42;0;0;"Pour ceux qui cherche une raison au féminisme en 2017 # balancetonporc https://twitter.com/carolinedehaas/status/929295381455876096 …";;;#;"929705909584048128";https://twitter.com/Cleophele/status/929705909584048128
;2017-11-12 14:41;0;1;"Marie Antoinette dénonce une main aux fesses portée par Louis XVI vers 1798 # balancetonporc";;;#;"929705818160852997";https://twitter.com/JCDuss75/status/929705818160852997
;2017-11-12 14:38;0;3;"# balancetonporc ça a un nom ça s'appelle de la diffamation, la seul manière logique de répondre à une agrégation sexuelle ou physique c'est de prendre contacte avec les organismes concernés le crier sur twitter ne changera rien pour vous et ses fils de pute seront toujours libre.";;;#;"929704976091402240";https://twitter.com/captnspldng/status/929704976091402240
;2017-11-12 14:31;1;3;""[...] le hashtag # Balancetonporc n'est pas la solution" d'accord mais c'est quoi la solution en fait?";;;#;"929703253377503234";https://twitter.com/flavie_rcr/status/929703253377503234
;2017-11-12 14:29;0;0;"Merci à Sébastien Vigier, pilote @ aircaraibes // French Blue. Il me demande de coucher. Je refuse, maintenant licenciée # balancetonporc pic.twitter.com/TNUjJYQ6cr";;@;#;"929702594032828416";https://twitter.com/Chance_destaing/status/929702594032828416
;2017-11-12 14:27;0;0;"Ici 456 actrices suédoises dénoncent ... Ici # balancetonporc des millions de viols aux USA & en Europe! A-t-on entendu @ T_Ardisson débiter une ignominie aussi insensée que "la culture du viol dans les familles chrétienne" ?http://www.lemonde.fr/europe/article/2017/11/09/agressions-sexuelles-456-actrices-suedoises-accusent_5212786_3214.html …";;@;#;"929702294651883521";https://twitter.com/Exiliax/status/929702294651883521
;2017-11-12 14:17;0;0;"Homme : - On se capte ? Femme : - Non j'ai pas envie Homme : - Ntm alors *supprimé des réseaux* Voici un tout petit exemple de la vie d'une femme. # harcèlement # balancetonporc";;;# #;"929699761195814912";https://twitter.com/Sweetness_LS/status/929699761195814912
;2017-11-12 14:17;1;7;"Si tu t'attardes sur le specisme de l'expression # balancetonporc et pas sur les agressions dénoncées tu renforces la banalisation de ces agressions";;;#;"929699642757013510";https://twitter.com/clirstrim/status/929699642757013510
;2017-11-12 14:02;0;1;"La libération de la parole des femmes est nécessaire, mais n'oublions pas la présomption d'innocence et la nécessité d'un procès équitable. # balancetonporc donne une poids trop important au procès médiatique.";;;#;"929695822085804032";https://twitter.com/Alex_Wl08/status/929695822085804032
;2017-11-12 13:58;113;288;"Je rappel à ces demoiselles que Le féminisme n'est pas qu'un combat féminin. Et aussi que # Balancetonporc n'est pas une arme féministe du tout , juste un Hashtag destiné au Troll , féminin ou masculin.";;;#;"929694874600951808";https://twitter.com/EffGeee/status/929694874600951808
;2017-11-12 13:58;1;6;"Comment un tel massacre est-il possible ? Qui a laissé massacrer la perspective du musée de l'immigration pour construire cet hôtel low cost hideux ? # balancetonporc pic.twitter.com/Q4Iqo2JJLK";;;#;"929694820817358848";https://twitter.com/IsabRegnier/status/929694820817358848
;2017-11-12 13:49;0;0;"Ryan Gosling parle contre Harvey Weinstein | | VOICE URBAN # MeToo # BalanceTonPorc http://bit.ly/2yu9hq8 pic.twitter.com/H5aTXTo00A";;;# #;"929692511139979266";https://twitter.com/FadUrban/status/929692511139979266
;2017-11-12 13:46;1;0;"Le juge Michel Claise donne, pour le principe, 10/10 au hashtag # BalancetonPorc # dimancheRTL";;;# #;"929691825711009793";https://twitter.com/michelhenrion/status/929691825711009793
;2017-11-12 13:44;0;5;"# BalanceTonPorc https://twitter.com/zysliette/status/929683417364561921 …";;;#;"929691468444393472";https://twitter.com/ThibPluchard/status/929691468444393472
;2017-11-12 13:43;0;0;"# balancetonporc";;;#;"929691167142359041";https://twitter.com/Kari_mania/status/929691167142359041
;2017-11-12 13:43;1;1;"# balancetonporc sachant qu'il ne risque rien ou pas grand chose ! pas la peine de demander aux victimes de porter plainte @ MarleneSchiappa !https://twitter.com/coldroitsfemmes/status/929255938674044929 …";;@;#;"929691061928300544";https://twitter.com/framboazz/status/929691061928300544
;2017-11-12 13:41;3;2;""Dans # BalanceTonPorc , on ne balance pas trop les porcs de la rue des Petites Maries à Marseille !" J.-P. Brighelli # féminisme-à-balles-deuxpic.twitter.com/JXzRYPI1Hr";;;# #;"929690525099347968";https://twitter.com/Delannoy78/status/929690525099347968
;2017-11-12 13:39;37;19;"[Événement] "Déposer plainte quand on est victime, le parcours d'obstacle" Table-ronde le 24 novembre à 19h à la mairie du 2e arrondissement Inscriptions http://bit.ly/2zwY2Rs Événement Facebook https://www.facebook.com/events/300699700435181/ … # SaveTheDate # MeToo # BalanceTonPorc pic.twitter.com/fnyRQzgapa";;;# # #;"929690121670201344";https://twitter.com/FeminismeEELV/status/929690121670201344
;2017-11-12 13:38;1;1;"Je sais pas comment je fais pour écrire ce tweet tellement les bras m'en tombent d'écouter Natacha Polony actuellement sur @ franceinter dans # questionspol . Heureusement que @ rglucks1 remet les choses à l'endroit sur # balancetonporc";;@ @;# #;"929689755977175040";https://twitter.com/sandraspano/status/929689755977175040
;2017-11-12 13:37;0;0;". @ rglucks1 comme toujours limpide et pertinent que ce soit sur les # ParadisePapers ou # BalanceTonPorc @ franceinter";;@ @;# #;"929689517837209601";https://twitter.com/marie_ximena/status/929689517837209601
;2017-11-12 13:36;0;0;"Et sinon je les invite à lire le @ NewYorkTime d il y a plusieurs semaines qui lui a compris L intérêt de # balancetonporc et des autres#.Pas grave. J aime bien @ ruquierofficiel.Triste pour ses audiences en perte.Depuis les us jamais entendu parler de YannMhttps://mobile.nytimes.com/2017/10/17/world/europe/france-harassment-twitter-weinstein.html …";;@ @;# #;"929689370503925760";https://twitter.com/LettreAudio/status/929689370503925760
;2017-11-12 13:33;0;0;"# balancetonporc";;;#;"929688601205583872";https://twitter.com/Flavio46/status/929688601205583872
;2017-11-12 13:32;0;0;"# JESUISSARAH # pédophilie # injustice # cultureduviol # balancetonporc # HONTEDEMAJUSTICE Comment voulez vous faire parler les victimes quand on voit ça # metoo # JESUISSARAH J'ai porté plainte pour viol cela n'a pas été pris en compte car c'était mon concubinhttps://twitter.com/Azur_Schmitt/status/929484376529948673 …";;;# # # # # # # #;"929688307944054786";https://twitter.com/freudine13/status/929688307944054786
;2017-11-12 13:32;5;4;"Un homme entre dans une librairie et demande le livre "La supériorité de l'homme par rapport à la femme". La vendeuse répond : - Premier étage, rayon "Utopie et science-fiction". http://www.1blague.com/blagues/hommes/blague-866 … # blague # humour # lol # balancetonporc # girlpower RT ! pic.twitter.com/YSYmNA2cid";;;# # # # #;"929688254416384000";https://twitter.com/1blague_com/status/929688254416384000
;2017-11-12 13:29;0;0;"# JESUISSARAH # pédophilie # injustice # cultureduviol # balancetonporc # HONTEDEMAJUSTICE Commnt voulez vous faire parler les victimes quand on voit ça # metoo # JESUISSARAH Déjà signéhttps://twitter.com/mmecarre6/status/929444892572602369 …";;;# # # # # # # #;"929687690802618370";https://twitter.com/freudine13/status/929687690802618370
;2017-11-12 13:28;0;0;"# JESUISSARAH # pédophilie # injustice # cultureduviol # balancetonporc # HONTEDEMAJUSTICE Comment voulez vous faire parler les victimes quand on voit ça # metoo # JESUISSARAH https://twitter.com/OpalePublic/status/929318048963624960 …";;;# # # # # # # #;"929687398631596033";https://twitter.com/freudine13/status/929687398631596033
;2017-11-12 13:27;0;0;"# JESUISSARAH # pédophilie # injustice # cultureduviol # balancetonporc # HONTEDEMAJUSTICE Comment voulez vous faire parler les victimes quand on voit ça # metoo # JESUISSARAHhttps://twitter.com/Azur_Schmitt/status/929299396319203328 …";;;# # # # # # # #;"929687086898216961";https://twitter.com/freudine13/status/929687086898216961
;2017-11-12 13:26;0;1;"Aphatie l'ordure mysogyne qui a participé au harcèlement ordurier de @RaquelGarridoFI nous pond encore un tweet ignoble # balancetonporc";;@RaquelGarridoFI;#;"929686890147655681";https://twitter.com/HInsoumis/status/929686890147655681
;2017-11-12 13:25;0;2;"C est un raccourci indigne et ridicule.Ce débat ne m intéresse pas.Il doit préférer que les femmes victimes continuent à se taire. Grace à # Balancetonporc des harceleurs violeurs etc sont tombés .Des femmes ont porté plainte.Ce # YannMoix sera oublié Dans qq mois.Les victimes non";;;# #;"929686673822187520";https://twitter.com/LettreAudio/status/929686673822187520
;2017-11-12 13:25;0;0;"# JESUISSARAH # pédophilie # injustice # cultureduviol # balancetonporc # HONTEDEMAJUSTICE Comment voulez vous faire parler les victimes quand on voit ça? MOI AUSSI # JESUISSARAHhttps://twitter.com/VsCyberH/status/929313767950897152 …";;;# # # # # # #;"929686649373675520";https://twitter.com/freudine13/status/929686649373675520
;2017-11-12 13:25;1;1;"# JESUISSARAH # pédophilie # injustice # cultureduviol # balancetonporc # HONTEDEMAJUSTICE Comment voulez vous faire parler les victimes quand on voit ça? MOI AUSSI # JESUISSARAHhttps://twitter.com/rabatel_marie/status/929435644467785728 …";;;# # # # # # #;"929686476270469120";https://twitter.com/freudine13/status/929686476270469120
;2017-11-12 13:24;0;0;"# JESUISSARAH # pédophilie # injustice # cultureduviol # balancetonporc # HONTEDEMAJUSTICE Comment voulez vous faire parler les victimes quand on voit ça MOI AUSSI # JESUISSARAH https://twitter.com/AndreaBescond/status/929514596225994754 …";;;# # # # # # #;"929686309458927616";https://twitter.com/freudine13/status/929686309458927616
;2017-11-12 13:22;0;0;"@ EmmanuelMacron # JESUISSARAH # pédophilie # injustice # cultureduviol # balancetonporc # HONTEDEMAJUSTICE Comment voulez vous faire parler les victimes quand on voit ça MOI AUSSI # JESUISSARAH";;@;# # # # # # #;"929685854620135426";https://twitter.com/freudine13/status/929685854620135426
;2017-11-12 13:22;0;0;"@ MarleneSchiappa # JESUISSARAH # pédophilie # injustice # cultureduviol # balancetonporc # HONTEDEMAJUSTICE Comment voulez vous faire parler les victimes quand on voit ça MOI AUSSI # JESUISSARAH";;@;# # # # # # #;"929685737401999365";https://twitter.com/freudine13/status/929685737401999365
;2017-11-12 13:21;0;0;"Le second degrés c'est pas un truc de femme forte et indépendante ça.. # balancetonporc";;;#;"929685498712477696";https://twitter.com/clguetto/status/929685498712477696
;2017-11-12 13:20;0;0;"# JESUISSARAH # pédophilie # injustice # cultureduviol # balancetonporc # HONTEDEMAJUSTICE Commnt voulez vous faire parler les victimes quand on voit ça MOI AUSSI # JESUISSARAH";;;# # # # # # #;"929685222228152320";https://twitter.com/freudine13/status/929685222228152320
;2017-11-12 13:19;0;0;"Sa devient vraiment abjecte cette histoire je sais pas si j était près à découvrir tout ces porcs en liberté et avec du pouvoir la haine laisse progressivement la place à la haine # balancetonporc https://twitter.com/20Minutes/status/929675733399670785 …";;;#;"929685060323856385";https://twitter.com/Achille92100/status/929685060323856385
;2017-11-12 13:19;2;3;"Alors les # merdias pas de # balancetonporc concernant les élites pédophiles ?! https://twitter.com/onsaitceque/status/929680427488612352 …";;;# #;"929685021472051201";https://twitter.com/FrontSocial/status/929685021472051201
;2017-11-12 13:17;0;0;"Jsuis morttt, mon père il me fait bah alors tu n’as pas de copine à lyon, qui pourrais te repasser tes chemises et tous !! Ça se voit à l’époque le # balancetonporc on connaissait pas hein";;;#;"929684551126921216";https://twitter.com/alabien25/status/929684551126921216
;2017-11-12 13:12;0;1;"# BalanceTonPorc a fait un tabac ses jours derniers. Une main sur la zézette il y a 20 ans, paf, t'étais voué aux Gémonies de Twitter. Ne manquons pas d'y rajouter les haut-faits du Laxisme judiciaire.";;;#;"929683203723550720";https://twitter.com/gary45693/status/929683203723550720
;2017-11-12 13:10;0;0;"Quand un extraterrestre rencontre un homme d eglise # balancetonporc https://twitter.com/lyonne_fr/status/929604678303866881 …";;;#;"929682706031697920";https://twitter.com/philcollan/status/929682706031697920
;2017-11-12 13:08;0;0;"J'en ai marre du harcèlement par texto ou appel. On devrait créer une plateforme avec photo des textos et une dizaine de filles se mettraient à lui demander par texto s'il a envie de manger des crêpes. # BalanceUnCretin # BalanceTonPorc";;;# #;"929682287805042688";https://twitter.com/MelanieEphreme/status/929682287805042688
;2017-11-12 13:08;1;1;"@ JeremyFerrari Je viens de revoir @ ONPCofficiel Après # Balancetonporc # Balancetesquestionsàlacon Madame Brigitte Angot vous m'avez fait hurler de rire aujourd'hui Du coup je vais bien dormir cette nuit";;@ @;# #;"929682207857397760";https://twitter.com/pluscontumeurs/status/929682207857397760
;2017-11-12 13:05;1;0;"https://www.youtube.com/watch?v=WlXHf-VBl50&sns=tw … via youtube Non pas sa # balancetonporc";;;#;"929681482993602560";https://twitter.com/marcosluiz509/status/929681482993602560
;2017-11-12 13:03;0;0;"Je dois faire un truc pour le cours de français, je vais le faire sur le # Balancetonporc , jvais rire bcp en cherchant les sources";;;#;"929680984076967937";https://twitter.com/_Youhouu_/status/929680984076967937
;2017-11-12 12:59;0;2;""même pr 1 main au c*l ?" Cette société où tripoter un inconnu est 1 jeu, où on apprend à certains que les femmes sont des jouets, un moyen de s'affirmer... # triste # révoltant # manquederespect # balancetonporc # attouchement # ohnon";;;# # # # # #;"929680164887433216";https://twitter.com/lancelotbestcat/status/929680164887433216
;2017-11-12 12:56;128;132;"Une décision de justice intolérable, indicible pour cette jeune fille de 11 ans qui voit son violeur acquitté et elle consentante ! C'est maintenant le hashtag # balancetonporc !";;;#;"929679216655962112";https://twitter.com/JulietteEtVous/status/929679216655962112
;2017-11-12 12:54;1;2;"t'as grave du temps à perdre meuf c'est pathétique. les insultes vont dans les deux sens # BalanceTonPorc mais on a pas le droit de balancer sa pute";;;#;"929678680166682624";https://twitter.com/slayin_frenchy/status/929678680166682624
;2017-11-12 12:50;0;0;"# balancetonporc";;;#;"929677741833818113";https://twitter.com/CuzlLoveUSoMuch/status/929677741833818113
;2017-11-12 12:49;0;0;"Je pense que ça peut être dans les deux sens. Autant homme vers femme que l'inverse # Harcelement # Sexuel # LT # BalanceTonPorc";;;# # # #;"929677564418908160";https://twitter.com/RuddyCHAM/status/929677564418908160
;2017-11-12 12:41;0;0;". @ GalGadot met ses super-pouvoirs au service de # balancetonporc. Elle ne signera pas pour les sequels de # WonderWoman si # Warner ne vire pas Brett Ratner, le co-prod accusé de # harcèlement. via @ pka13https://twitter.com/pagesix/status/929470841661919233 …";;@ @;# # # #;"929675626944122881";https://twitter.com/sebastiendurand/status/929675626944122881
;2017-11-12 12:35;0;0;"# balancetonporc";;;#;"929674090788605952";https://twitter.com/hawyaah/status/929674090788605952
;2017-11-12 12:32;0;0;"Dieudonné : L'affaire Tariq Ramadan // # balancetonporc https://youtu.be/iaRWFsotSFM via @ YouTube";;@;#;"929673267119640583";https://twitter.com/Dico93/status/929673267119640583
;2017-11-12 12:31;1;1;"Retrouvé ça: https://vk.com/video3690917_168273161 … Une autre manière de # balancetonporc, à la façon de l'immense Christopher Walken.";;;#;"929673015964655616";https://twitter.com/LPinjos/status/929673015964655616
;2017-11-12 12:22;0;0;"Balance euh.... mon éléphant non mon porc parce qu'il se comporte comme tel # BalanceTonPorc pic.twitter.com/438a74iBwi";;;#;"929670822268227584";https://twitter.com/yannickpipo31/status/929670822268227584
;2017-11-12 12:22;1;0;"# RDC # balancetonporc pic.twitter.com/egcVmUvhTp";;;# #;"929670651153190912";https://twitter.com/jollyjoylavraie/status/929670651153190912
;2017-11-12 12:22;0;1;"a reboot is on his way...hollywood never stop... # meetoo # balancetonporc # KevinSpacey # HarveyWeinstein # BrettRatner # harrasmentpic.twitter.com/aVJfFkAeuR";;;# # # # # #;"929670627312787456";https://twitter.com/titipinup/status/929670627312787456
;2017-11-12 12:17;0;0;"Paris : une policière agressée sexuellement en pleine rue https://shar.es/1PSMd1 via @ Valeurs # Balancetonporc (même s'il en mange pas) # VivelaFrance # SilenceOnTue # Bobodemago # SOSLaFranceDisparait # MissingInAction";;@;# # # # # #;"929669562764791808";https://twitter.com/magiclilian/status/929669562764791808
;2017-11-12 12:16;0;2;"L'info venue de France la plus gerbante de la semaine/du mois/de l'année. Un violeur a mis enceinte une fille de 11 ans. Il a été acquitté. "Portez plainte" hein. # cultureduviol # balancetonporc # metoo # policepartout # justicenullepatthttps://twitter.com/curiosarama/status/929309831428759552 …";;;# # # # #;"929669213337341952";https://twitter.com/cafesoluble/status/929669213337341952
;2017-11-12 12:11;0;0;"Ceci dit est-ce bien prudent de soutenir L.A par les temps qui durent ? # balancetonporc PS: j'ai l'intégrale de L.A. & Face en rotation dans mon Walkman";;;#;"929667903405940741";https://twitter.com/lepetitnegre/status/929667903405940741
;2017-11-12 12:10;0;0;"Encore un débile qui n'a pas compris le # balancetonporc... On va ouvrir un dico à CONSENTEMENT";;;#;"929667679321034752";https://twitter.com/ClaireDlb/status/929667679321034752
;2017-11-12 12:05;0;5;"Plus on est d'empêcheuses, plus on empêche ! # empechons # balancetonporc https://twitter.com/ParisPasRose/status/929326242301702144 …";;;# #;"929666494073573377";https://twitter.com/Lempecheuse/status/929666494073573377
;2017-11-12 12:01;0;0;"Ils n'apprennent rien. # balancetonporc https://twitter.com/carolinedehaas/status/929332488203395073 …";;;#;"929665405886574592";https://twitter.com/Makejumy/status/929665405886574592
;2017-11-12 11:53;0;1;"Tu sais pas utiliser le # balancetonporc ferme la un peu";;;#;"929663416943415296";https://twitter.com/ValuWaurld/status/929663416943415296
;2017-11-12 11:46;0;0;"Le frère de Nicki Minaj coupable de viol sur sa belle fille # MeToo # BalanceTonPorc http://bit.ly/2ytMNp8 pic.twitter.com/XjiPJiYc35";;;# #;"929661557033852929";https://twitter.com/voicurban/status/929661557033852929
;2017-11-12 11:40;0;0;"# balancetonporc Dédicase a tout le monde qui m'ont harceler a sisteron a verdu de 2011-2016 jvs bz";;;#;"929660103564853248";https://twitter.com/SavannahSweetH/status/929660103564853248
;2017-11-12 11:38;0;0;"Yo les antispécistes, je vous propose de laisser les féministes tranquilles pour # balancetonporc et de canaliser vos énergies sur @ SanglierSympahttps://twitter.com/Melusine_2/status/929444510869983232 …";;@;#;"929659710764142592";https://twitter.com/ligaturerecords/status/929659710764142592
;2017-11-12 11:27;0;0;"MOHAMED OUADAH a l'air simple et respectueux que néni intrusif, ingérence atteinte à la vie privée le tout à caractère sexuel sur toulouse # balancetonporc";;;#;"929656869081223168";https://twitter.com/kenzocanelle/status/929656869081223168
;2017-11-12 11:26;0;0;"# balancetonporc # Pédophiliepic.twitter.com/GBRDUSBvGG";;;# #;"929656577426063362";https://twitter.com/freudine13/status/929656577426063362
;2017-11-12 11:25;0;0;"Samir azermou marocain français ne parle que de fellation et de lesbienne à retenir baratineur mythomane intrusif fait preuve d'ingérence alors que ça ne le regarde pas je parle de sexe # balancetonporc";;;#;"929656330515832832";https://twitter.com/kenzocanelle/status/929656330515832832
;2017-11-12 11:23;0;0;"Ciré BA veut coucher avec ttes les rebeu qu'il croise si elle ne veut pas il fait circuler qu'elle est raciste envers les noirs Historien Paris # balancetonporc";;;#;"929655820761133056";https://twitter.com/kenzocanelle/status/929655820761133056
;2017-11-12 11:22;0;1;"Come Play With Us, Donnie https://thenib.com/come-play-with-us-donnie … via @ thenib # lol # StephenKing # TheShining # MeToo # Balancetonporc";;@;# # # # #;"929655537247145984";https://twitter.com/padaignault/status/929655537247145984
;2017-11-12 11:21;0;0;"Muriel VILOTTE castres TArn on dirait qu'elle est discrète et ne s'occupe pas est au courant de la vie sexuelle des femmes qu'elle n'aime pas donc atteinte à la vie privée # balancetonporc";;;#;"929655387342692353";https://twitter.com/kenzocanelle/status/929655387342692353
;2017-11-12 11:20;0;1;"# balancetonporc Sordide acquittement du violeur d'une gamine de 11 ans http://m.leparisien.fr/amp/fait-du-jour/viol-sur-mineurs-justine-victime-sans-coupable-11-11-2017-7386477.php …";;;#;"929655126343733248";https://twitter.com/Patrickbele/status/929655126343733248
;2017-11-12 11:20;0;0;"L'hystérie # balancetonporc vole au secours d’un gouvernement impopulaire: https://www.wsws.org/fr/articles/2017/nov2017/porc-n11.shtml …";;;#;"929655052964384768";https://twitter.com/LevyLoiseau/status/929655052964384768
;2017-11-12 11:19;1;1;"@ flowriIege # Balancetonporc";;@;#;"929654878397493248";https://twitter.com/Melou_Dmr/status/929654878397493248
;2017-11-12 11:19;0;0;"Sophie SERRANO Castres Tarn mythomane, atteinte à la vie privée?INTRUSIVE, le tout à caractère sexuel # balancetonporc";;;#;"929654820700553216";https://twitter.com/kenzocanelle/status/929654820700553216
;2017-11-12 11:02;0;0;"Elisabeth Lévy et Natacha Polony dénoncent la chasse aux hommes. # balancetonporc https://www.youtube.com/watch?v=rMUQfnZYij4 …";;;#;"929650486298468352";https://twitter.com/le_crudivore/status/929650486298468352
;2017-11-12 10:58;0;0;"# Quandonavolétoninnocence # Pédophilie # justice # balancetonporc pic.twitter.com/D2qqCrapjC";;;# # # #;"929649559856472064";https://twitter.com/freudine13/status/929649559856472064
;2017-11-12 10:44;0;0;"Bien écouter De Menton et consorts à propos de Aminatou..Honteux Dieudonné : L'affaire Tariq Ramadan // # balancetonporc https://youtu.be/iaRWFsotSFM via @ YouTube";;@;#;"929646135962226688";https://twitter.com/fgoussi/status/929646135962226688
;2017-11-12 10:42;0;1;"# groupedeschalets ici dans ce Groupe méditerranéens tu auras des Travaux si le Chef des Travaux Rouquet Christian à sa part de # balancetonporc # balancestonporc @ France3MidiPy balance pas d'info";;@;# # #;"929645503343726592";https://twitter.com/eve_rochet/status/929645503343726592
;2017-11-12 10:41;0;2;"J'espère qu'il t'a pas insulté quand t'es passer Sinon met le sur # balancetonporc https://twitter.com/connaisdja/status/929491074640465921 …";;;#;"929645214217711616";https://twitter.com/NaisOuai/status/929645214217711616
;2017-11-12 10:39;8;18;"voici ma chanson contre le harcèlement sexuel des femmes, j'ai reçu 55 vidéos au total, merci pour votre participation c'est le plus beau projet que j'ai pu faire avec vous # tepu # balancetonporc https://www.youtube.com/watch?v=X7b2Gv6shJY …pic.twitter.com/01kmKY2Beg";;;# #;"929644884637749253";https://twitter.com/NanasPrieu/status/929644884637749253
;2017-11-12 10:35;0;0;"Ces quartiers perdus de la République. # DirectAN # BalanceTonPorc @ laurentwauquiezhttps://twitter.com/paul_denton/status/928624021729677312 …";;@;# #;"929643922737057792";https://twitter.com/chanteursdactu/status/929643922737057792
;2017-11-12 10:29;0;0;"Et là # balancetonporc et @ MarleneSchiappa ne lancent pas d'opération d'information. Comme le net n'oublie pas je reposte https://twitter.com/3st3ph/status/908230632383369216 …";;@;#;"929642200312565761";https://twitter.com/3st3ph/status/929642200312565761
;2017-11-12 10:21;0;1;"Nouvel article dans @ Scruteurs sur une affaire de société : # Balancetonporc # Harcelement # sexismehttps://twitter.com/Scruteurs/status/929034185146322944 …";;@;# # #;"929640367359692800";https://twitter.com/G_Poinsignon/status/929640367359692800
;2017-11-12 10:18;0;0;"# quandonavolétoninnocence # pédophilie # balancetonporc https://twitter.com/MichelAdrien3/status/924075910961168384 …";;;# # #;"929639645029326848";https://twitter.com/freudine13/status/929639645029326848
;2017-11-12 10:13;0;0;"C est tellement universel malheureusement. ...Les prédateurs H et F savent mettre en confiance... # balancetonporc https://twitter.com/FederationGAMS/status/929131578525126661 …";;;#;"929638263857524736";https://twitter.com/pattheparisgirl/status/929638263857524736
;2017-11-12 10:04;0;0;"# grind omg # balancetonporc # Aabenraapic.twitter.com/EqmlbZUnna";;;# # #;"929635881098629120";https://twitter.com/ILOVEPOTATOFRIT/status/929635881098629120
;2017-11-12 10:03;1;1;"Alerte Harcèlement le dimanche 12 novembre 2017 à 10:03. # alerteharcelement # MeToo # yourbodyyourrules # balancetonporc # ahpic.twitter.com/3BIqWMXRDD";;;# # # # #;"929635762882138112";https://twitter.com/alertharcel/status/929635762882138112
;2017-11-12 10:02;3;3;"http://www.bondamanjak.com/viols-et-agressions-sexuelles-en-martinique/ … # balancetonporc # MeToo # viol # agressionsexuelle # harcelementsexuel # martinique @ CTM_Martinique @ loutremer @ MarleneSchiappa @ NESSY_POLITANO @ Nesly_Nefertiti @ ChTaubira";;@ @ @ @ @ @;# # # # # #;"929635611794989057";https://twitter.com/Bondamanjak/status/929635611794989057
;2017-11-12 10:02;0;0;"# balancetonporc Paroles de stagiaires, les victimes les plus fragiles du harcèlement sexuel au travail http://www.huffingtonpost.fr/2017/11/09/paroles-de-stagiaires-les-victimes-les-plus-fragiles-du-harcelement-sexuel-au-travail_a_23271715/ …";;;#;"929635518786228225";https://twitter.com/paranoidopossum/status/929635518786228225
;2017-11-12 09:56;0;0;"# BalanceTonForum # BalanceTonPorc je vous présente des youtubeurs issue du 18-25 https://twitter.com/NawSpider/status/929459943392018432 …";;;# #;"929634025731428352";https://twitter.com/Alexy_GT/status/929634025731428352
;2017-11-12 09:56;0;0;"# Balancetonporc http://fb.me/1G6SHGnT6";;;#;"929633875659251712";https://twitter.com/Drhopemusic/status/929633875659251712
;2017-11-12 09:53;1;1;"# balancetonporc gênant, on comprend le silence de France Inter, lemonde.fr libération et leHuff! Xavier Niel doit croiser les doigts. StLaurent et @ pierreBerge «deux êtres malades sexuellement»:http://www.tvanouvelles.ca/2017/10/27/saint-laurent-et-berge-deux-etres-malades-sexuellement …";;@;#;"929633290260279296";https://twitter.com/pleheris/status/929633290260279296
;2017-11-12 09:49;0;1;"Je pense plus à certains harceleurs mentionnés dans # balancetonporc";;;#;"929632307530657792";https://twitter.com/memoristic/status/929632307530657792
;2017-11-12 09:47;2;2;"# Balancetonporc https://twitter.com/gav1nn/status/929528048067731456 …";;;#;"929631680167665664";https://twitter.com/Absioka/status/929631680167665664
;2017-11-12 09:46;0;1;"...les françaises sont des coquines! ce sont elles qui se ont cherché à se rapprocher le plus du cochonnet et elles ont réussi # balancetonporc";;;#;"929631491629469696";https://twitter.com/donmichel1/status/929631491629469696
;2017-11-12 09:41;0;3;"# balancetonporc le Prince charmant qui agresse sexuellement Blanche Neige incapable de donner son consentement. pic.twitter.com/wavQ6nJkSV";;;#;"929630321657643008";https://twitter.com/senateur_binks/status/929630321657643008
;2017-11-12 09:25;0;0;"Scandale # viol # balancetonporc @ CausetteLeMag @ MarianneleMag @ Think_Badinterhttps://twitter.com/policerealites/status/929335626935296000 …";;@ @ @;# #;"929626144453939201";https://twitter.com/irma_2017_/status/929626144453939201
;2017-11-12 09:20;1;1;"Frédéric taddei l'ami de ramadan est une grosse ordure # balancetonporc";;;#;"929624886645088256";https://twitter.com/impertinent78/status/929624886645088256
;2017-11-12 09:14;0;0;"RT sans fin .. scandale # viol enfant de 11 ans , sa vie foutue, et 10 ans de souffrance pour ça ! # balancetonporc @ JJUrvoas @ ChTaubirahttps://twitter.com/valerieboyer13/status/929375250080559104 …";;@ @;# #;"929623341157306368";https://twitter.com/irma_2017_/status/929623341157306368
;2017-11-12 09:04;0;0;"Encore une affaire classée sans suite dans # balancetonporc";;;#;"929621022776676352";https://twitter.com/sicadelafrancia/status/929621022776676352
;2017-11-12 08:43;5;2;"Alors que le # WeinsteinScandal libère la parole contre les violences sexuelles dans le monde entier, une cour composée d'amateurs (les # assises) absout en France le violeur d'une fillette de 11 ans. # balancetonporc # MeToohttp://www.lemonde.fr/police-justice/article/2017/11/11/une-cour-d-assises-acquitte-un-homme-accuse-d-avoir-viole-une-fille-de-11-ans_5213592_1653578.html …";;;# # # #;"929615622769606656";https://twitter.com/Sam_hanryon/status/929615622769606656
;2017-11-12 08:37;0;0;"Évident ! Et si on lançait une nouvelle mouture de # balancetonporc qui deviendrait # balancetonpicsou !?!https://twitter.com/Bassounov/status/925125045181140997 …";;;# #;"929614235134513153";https://twitter.com/RouchetG/status/929614235134513153
;2017-11-12 08:37;11;6;"Ma chronique vidéo en accès libre aujourd'hui dimanche, merci aux abonnés d' @ arretsurimages # balancetonporc # MeToohttps://www.arretsurimages.net/chroniques/2017-11-09/Culture-du-viol-oui-il-faut-avaler-la-pilule-rouge-de-Matrix-id10303 …";;@;# #;"929614155757293568";https://twitter.com/gunthert/status/929614155757293568
;2017-11-12 08:29;0;0;"# fachosphere # islamophobie " # balancetonporc pendant les # PrieresDeRues "";;;# # # #;"929612182366679041";https://twitter.com/RDuquon/status/929612182366679041
;2017-11-12 08:27;1;0;"Scandale # viol # balancetonporc . Des années de souffrance pour en arriver là ! Soutien total @ Fondationfemmes @ ONUFemmes @ journalDfemmeshttps://twitter.com/valerieboyer13/status/929450016334405632 …";;@ @ @;# #;"929611638478655488";https://twitter.com/irma_2017_/status/929611638478655488
;2017-11-12 08:25;0;1;"RT sans limite, scandale # viol # balancetonporc @ ChTaubira @ manuelvalls @ laurossignol @ MarleneSchiappahttps://twitter.com/fred_pom/status/929300784126324736 …";;@ @ @ @;# #;"929611056019857409";https://twitter.com/irma_2017_/status/929611056019857409
;2017-11-12 08:23;0;0;"Scandale # viol # enfants # balancetonporc https://twitter.com/bfmtv/status/929374694389768194 …";;;# # #;"929610603160854528";https://twitter.com/irma_2017_/status/929610603160854528
;2017-11-12 08:18;0;0;"Moi, ze propose de remplacer # BalanceTonPorc par # BalanceTaProf...https://twitter.com/causeur/status/929507696306544641 …";;;# #;"929609213172531200";https://twitter.com/ZupiterMacron/status/929609213172531200
;2017-11-12 07:17;0;0;"Ellen Page cite le réalisateur Brett Ratner (X-Men). # BalanceTonPorc pic.twitter.com/wu5ttD56ns";;;#;"929593908455182336";https://twitter.com/yxelle/status/929593908455182336
;2017-11-12 06:48;0;0;"Pensez vous, Pierre,qu'il vous serrez possible, juste pendant un moment ne rien dire, juste écouter, ne rien ajouter et tenter de comprendre. # balancetonporc";;;#;"929586575150845953";https://twitter.com/remartine/status/929586575150845953
;2017-11-12 06:07;0;0;"En # Martinique # balancetonporc n'existe pas.";;;# #;"929576485664456705";https://twitter.com/Bondamanjak/status/929576485664456705
;2017-11-12 06:06;1;0;"Fidélité c’est sûrement la petite congolaise là. Donc il la force, harcèlement . Il faut que tout le monde sache # balancetonporc";;;#;"929576119283707909";https://twitter.com/blackdekpe/status/929576119283707909
;2017-11-12 05:41;0;1;"Un reloue en soirée qui demande qui mouille le plus entre toi et ton amie ... # balancetonporc @ lo_tiste";;@;#;"929569736668647424";https://twitter.com/missrugby63/status/929569736668647424
;2017-11-12 05:07;0;0;"# balancetonporc Inspecteur # FabienFontannaz a inspecté ma bite et pris photos nues "pour m'innocenter" de meurtre dans la poste de police # Martigny # Suisse 29 Avril 2015 Instructe par Procureur # FredericGisler Docteur droit # Fribourg # unifr # Racisme # FoireDuValaispic.twitter.com/zxlFhPAvkW";;;# # # # # # # # #;"929561305429577729";https://twitter.com/ShameTorturers/status/929561305429577729
;2017-11-12 04:28;18;17;"# balancetonporc pic.twitter.com/4rTatuiwSw";;;#;"929551431799107584";https://twitter.com/LoRadut/status/929551431799107584
;2017-11-12 04:09;0;2;"# balancetonporc";;;#;"929546571464704001";https://twitter.com/Jamesismad/status/929546571464704001
;2017-11-12 03:49;0;2;"Chicoter chicoter euhhh pardon t qui toi? tu as joués le match # CIVMAR comprend pas on t'as pas vu sur le terrain...Tu es sûrement la chèvre qu'il y avait sur le côté # DimaMaghreb # aurierlapute # balancetonporc # blablabla # prétentieux # Russia2018WorldCup # Aurierfdp https://twitter.com/ClemenTurp1/status/929428458215804931 …";;;# # # # # # # #;"929541584688992256";https://twitter.com/Dounia_Gonzalez/status/929541584688992256
;2017-11-12 03:47;0;0;"De « # balancetonporc » à « fais pas ton juif » ouais enfin non désolé stp y a des clichés un peu mortel dans ce cas. Comme negro d’ailleurs . ://";;;#;"929541044726722560";https://twitter.com/Mathieu_Gbt/status/929541044726722560
;2017-11-12 03:22;0;0;"# BalanceTonPorc";;;#;"929534734249742336";https://twitter.com/jousep24/status/929534734249742336
;2017-11-12 03:21;0;0;"# biotechusa wooow # balancetonporc # Charlottenlundpic.twitter.com/TiIYEG7a6t";;;# # #;"929534672463454208";https://twitter.com/ILOVEPOTATOFRIT/status/929534672463454208
;2017-11-12 02:57;1;2;"# balancetonporc # metoo # moiaussihttps://twitter.com/NftDCP/status/929399314996187137 …";;;# # #;"929528645634478080";https://twitter.com/gridindriing/status/929528645634478080
;2017-11-12 02:38;0;1;"# CGT # balancetonporc pic.twitter.com/rY1f1xRHQ8";;;# #;"929523789012062208";https://twitter.com/TedLunique/status/929523789012062208
;2017-11-12 02:33;1;3;"En direct de 9Gag où des mecs disent à ceux qui considérent # balancetonporc comme de l'hystérie féministe de fermer leur gueule. SOMETHING IS HAPPENING!";;;#;"929522624392286209";https://twitter.com/VickyVikeroff/status/929522624392286209
;2017-11-12 02:14;0;0;"# balancetonporc Il y a des youtub... vidéastes, qui auraient soit disant connaissance de preuves d'actes de pédophilie commis par un autre vidéaste, sauf qu'au lieu de faire ce qu'il faut, ils font des vidéos et des lives :) Je vais donc reprendre :";;;#;"929517730314768384";https://twitter.com/bisacodylol/status/929517730314768384
;2017-11-12 02:06;0;2;"Le # balancetonporc on n'entend plus parle.. Comme par hasard";;;#;"929515738922176512";https://twitter.com/Antision2050/status/929515738922176512
;2017-11-12 02:05;1;1;"Et voici le pervers de la journée: # RichardDreyfuss http://www.telegraph.co.uk/news/2017/11/11/richard-dreyfuss-accused-sexual-harassment-writer/ … À qui le tour :)) # BalanceTonPorc # polqc";;;# # #;"929515523678916610";https://twitter.com/Claude2052/status/929515523678916610
;2017-11-12 02:00;0;1;"# BalanceTonPorc";;;#;"929514254021070848";https://twitter.com/ClementLucas1/status/929514254021070848
;2017-11-12 01:48;0;0;"Get down to Bar Chord tonight for three sets of French Rock with Les Sans Culottes we sing a song about DSK # balancetonporc";;;#;"929511178094686208";https://twitter.com/deveryminou/status/929511178094686208
;2017-11-12 01:36;0;0;"RT @ NftDCP: (D’ailleurs, cette règle vaut pour le # MeToo et le # BalanceTonPorc) : oui, le violeur, agresseur, voir… https://twitter.com/i/web/status/929507831241420800 …";;@;# #;"929508117251088384";https://twitter.com/MeTooCenter/status/929508117251088384
;2017-11-12 01:35;38;62;"(D’ailleurs, cette règle vaut pour le # MeToo et le # BalanceTonPorc) : oui, le violeur, agresseur, voire le tueur peut ne pas avoir le profil du type qu’on ne veut pas croiser tard le soir dans une ruelle. C’est vous et moi. Mais bon, je m’égare.";;;# #;"929507831241420800";https://twitter.com/NftDCP/status/929507831241420800
;2017-11-12 01:21;0;0;"# balancetonporc # Justice # France # Honte # Opdeatheaters Le verdict est un véritable scandale ! # RThttps://twitter.com/jmAlric11/status/929406514598641665 …";;;# # # # # #;"929504302061801472";https://twitter.com/inkthya/status/929504302061801472
;2017-11-12 01:21;0;0;"@ balancetonporc # balancetonporc https://twitter.com/fred_pom/status/929300784126324736 …";;@;#;"929504296206520321";https://twitter.com/liviscobal/status/929504296206520321
;2017-11-12 01:18;0;0;"@ balancetonporc # balancetonporc https://twitter.com/JuliaPascualita/status/929319245183365120 …";;@;#;"929503746626813953";https://twitter.com/liviscobal/status/929503746626813953
;2017-11-12 01:15;2;4;"On se demande bien à quoi sert la ministre de la justice ; n'est-elle pas censé contrôler un peu les magistrat ? En plein délire # BalanceTonPorc ça fait tache ! Le juge ferait mieux d'aller siéger dans la cabane au fond du jardin plutôt que déshonorer la justice et la nation.";;;#;"929502847892377600";https://twitter.com/herveb0uix/status/929502847892377600
;2017-11-12 01:14;0;0;"@ balancetonporc # balancetonporc https://twitter.com/brutofficiel/status/929328623525314561 …";;@;#;"929502692245999617";https://twitter.com/liviscobal/status/929502692245999617
;2017-11-12 01:13;3;2;"# BalanceTonPorc Rob Monate";;;#;"929502341375643649";https://twitter.com/LegrosRomain/status/929502341375643649